Company,Review Date,Cocoa Percentage,Company Location,Rating,Bean Origin,Broad Bean Origin,Bean Type
A. Morin,2016,0.63,France,3.75,Agua Grande,Sao Tome,Unknown
A. Morin,2015,0.7,France,2.75,Kpime,Togo,Unknown
A. Morin,2015,0.7,France,3.0,Atsane,Togo,Unknown
A. Morin,2015,0.7,France,3.5,Akata,Togo,Unknown
A. Morin,2015,0.7,France,3.5,Quilla,Peru,Unknown
A. Morin,2014,0.7,France,2.75,Carenero,Venezuela,Criollo
A. Morin,2014,0.7,France,3.5,Cuba,Cuba,Unknown
A. Morin,2014,0.7,France,3.5,Sur del Lago,Venezuela,Criollo
A. Morin,2014,0.7,France,3.75,Puerto Cabello,Venezuela,Criollo
A. Morin,2014,0.7,France,4.0,Pablino,Peru,Unknown
A. Morin,2013,0.7,France,2.75,Panama,Panama,Unknown
A. Morin,2013,0.7,France,3.0,Madagascar,Madagascar,Criollo
A. Morin,2013,0.7,France,3.25,Brazil,Brazil,Unknown
A. Morin,2013,0.7,France,3.75,Equateur,Ecuador,Unknown
A. Morin,2013,0.7,France,2.75,Colombia,Colombia,Unknown
A. Morin,2013,0.7,France,3.0,Birmanie,Burma,Unknown
A. Morin,2013,0.7,France,3.25,Papua New Guinea,Papua New Guinea,Unknown
A. Morin,2013,0.7,France,4.0,Chuao,Venezuela,Trinitario
A. Morin,2013,0.7,France,3.25,Piura,Peru,Unknown
A. Morin,2013,0.7,France,3.5,Chanchamayo,Peru,Unknown
A. Morin,2013,0.63,France,4.0,Chanchamayo,Peru,Unknown
A. Morin,2012,0.7,France,3.5,Bolivia,Bolivia,Unknown
A. Morin,2012,0.63,France,3.75,Peru,Peru,Unknown
Adi,2011,0.6,Fiji,2.75,Vanua Levu,Fiji,Trinitario
Adi,2011,0.8,Fiji,3.25,Vanua Levu,Fiji,Trinitario
Adi,2011,0.88,Fiji,3.5,Vanua Levu,Fiji,Trinitario
Adi,2011,0.72,Fiji,3.5,Vanua Levu,Fiji,Trinitario
Akesson's (Pralus),2011,0.75,Switzerland,3.75,Bali,Indonesia,Trinitario
Akesson's (Pralus),2010,0.75,Switzerland,2.75,Madagascar,Madagascar,Criollo
Akesson's (Pralus),2010,0.75,Switzerland,2.75,Monte Alegre,Brazil,Forastero
Alain Ducasse,2014,0.65,France,2.75,Trinite,Trinidad,Trinitario
Alain Ducasse,2014,0.75,France,2.75,Vietnam,Vietnam,Trinitario
Alain Ducasse,2014,0.75,France,3.0,Madagascar,Madagascar,Trinitario
Alain Ducasse,2013,0.75,France,2.5,Chuao,Venezuela,Trinitario
Alain Ducasse,2013,0.75,France,2.5,Piura,Peru,Unknown
Alexandre,2017,0.7,Netherlands,3.5,Winak,Ecuador,Forastero
Alexandre,2017,0.7,Netherlands,3.5,La Dalia,Nicaragua,Criollo
Alexandre,2017,0.7,Netherlands,3.5,Tien Giang,Vietnam,Trinitario
Alexandre,2017,0.7,Netherlands,3.5,Makwale Village,Tanzania,Forastero
Altus aka Cao Artisan,2016,0.6,U.S.A.,2.75,Momotombo,Nicaragua,Unknown
Altus aka Cao Artisan,2016,0.6,U.S.A.,3.0,Acopagro,Peru,Unknown
Altus aka Cao Artisan,2016,0.6,U.S.A.,2.5,CIAAB Coop,Bolivia,Unknown
Altus aka Cao Artisan,2016,0.6,U.S.A.,2.5,Villa Andina,Peru,Unknown
Altus aka Cao Artisan,2016,0.6,U.S.A.,2.75,Gruppo Salinas,Ecuador,Unknown
Altus aka Cao Artisan,2013,0.6,U.S.A.,2.5,Sur del Lago,Venezuela,Unknown
Altus aka Cao Artisan,2013,0.6,U.S.A.,3.0,Conacado,Dominican Republic,Trinitario
Altus aka Cao Artisan,2013,0.8,U.S.A.,3.25,Bolivia,Bolivia,Unknown
Altus aka Cao Artisan,2013,0.6,U.S.A.,3.0,Bolivia,Bolivia,Unknown
Altus aka Cao Artisan,2013,0.6,U.S.A.,3.25,Peru,Peru,Unknown
Amano,2011,0.7,U.S.A.,4.0,Morobe,Papua New Guinea,Unknown
Amano,2010,0.7,U.S.A.,3.75,Dos Rios,Dominican Republic,Unknown
Amano,2010,0.7,U.S.A.,4.0,Guayas,Ecuador,Unknown
Amano,2010,0.7,U.S.A.,3.0,Chuao,Venezuela,Trinitario
Amano,2009,0.7,U.S.A.,3.0,Montanya,Venezuela,Unknown
Amano,2008,0.7,U.S.A.,2.75,Bali,Indonesia,Unknown
Amano,2007,0.7,U.S.A.,3.5,Madagascar,Madagascar,Trinitario
Amano,2007,0.7,U.S.A.,3.0,Cuyagua,Venezuela,Unknown
Amano,2007,0.7,U.S.A.,3.75,Ocumare,Venezuela,Criollo
Amatller (Simon Coll),2009,0.7,Spain,3.0,Ghana,Ghana,Forastero
Amatller (Simon Coll),2009,0.7,Spain,2.75,Ecuador,Ecuador,Unknown
Amatller (Simon Coll),2009,0.85,Spain,2.75,Ecuador,Ecuador,Unknown
Amatller (Simon Coll),2009,0.85,Spain,3.0,Ghana,Ghana,Forastero
Ambrosia,2015,0.64,Canada,3.0,Belize,Belize,Trinitario
Ambrosia,2015,0.66,Canada,3.25,Madagascar,Madagascar,Trinitario
Ambrosia,2015,0.75,Canada,3.25,Dominican Republic,Dominican Republic,Unknown
Ambrosia,2015,0.63,Canada,3.25,Papua New Guinea,Papua New Guinea,Unknown
Ambrosia,2015,0.7,Canada,3.25,Venezuela,Venezuela,Unknown
Ambrosia,2015,0.68,Canada,3.5,Peru,Peru,Unknown
Amedei,2012,0.7,Italy,3.75,Piura,Peru,Unknown
Amedei,2007,0.7,Italy,4.0,Porcelana,Venezuela,Criollo
Amedei,2007,0.75,Italy,4.0,Nine,Unknown,Blend
Amedei,2007,0.7,Italy,5.0,Chuao,Venezuela,Trinitario
Amedei,2007,0.7,Italy,3.0,Ecuador,Ecuador,Trinitario
Amedei,2007,0.7,Italy,3.0,Jamaica,Jamaica,Trinitario
Amedei,2007,0.7,Italy,3.5,Grenada,Grenada,Trinitario
Amedei,2007,0.7,Italy,3.75,Venezuela,Venezuela,Trinitario
Amedei,2007,0.7,Italy,4.0,Madagascar,Madagascar,Trinitario
Amedei,2007,0.7,Italy,3.5,Trinidad,Trinidad,Trinitario
Amedei,2007,0.63,Italy,3.5,Toscano Black,Unknown,Blend
Amedei,2006,0.7,Italy,5.0,Toscano Black,Unknown,Blend
Amedei,2006,0.66,Italy,4.0,Toscano Black,Unknown,Blend
AMMA,2013,0.75,Brazil,3.25,Catongo,Brazil,Forastero
AMMA,2010,0.85,Brazil,2.75,Monte Alegre,Brazil,Forastero
AMMA,2010,0.5,Brazil,3.75,Monte Alegre,Brazil,Forastero
AMMA,2010,0.75,Brazil,3.75,Monte Alegre,Brazil,Forastero
AMMA,2010,0.6,Brazil,4.0,Monte Alegre,Brazil,Forastero
Ara,2014,0.75,France,3.0,Madagascar,Madagascar,Trinitario
Ara,2014,0.72,France,2.5,Chiapas,Mexico,Unknown
Ara,2014,0.75,France,2.75,Equateur,Ecuador,Unknown
Ara,2014,0.75,France,3.0,Trincheras,Venezuela,Unknown
Arete,2016,0.7,U.S.A.,3.5,San Juan,Trinidad,Trinitario
Arete,2016,0.7,U.S.A.,3.75,Kokoa Kamili,Tanzania,Unknown
Arete,2016,0.73,U.S.A.,3.5,Tien Giang,Vietnam,Trinitario
Arete,2016,0.7,U.S.A.,3.25,Hacienda Victoria,Ecuador,Unknown
Arete,2016,0.7,U.S.A.,3.25,Costa Esmeraldas,Ecuador,Unknown
Arete,2016,0.7,U.S.A.,3.5,Lachua,Guatemala,Unknown
Arete,2016,0.7,U.S.A.,3.75,Rugoso,Nicaragua,Unknown
Arete,2016,0.7,U.S.A.,3.5,La Masica,Honduras,Unknown
Arete,2016,0.7,U.S.A.,4.0,Cota Brus,Costa Rica,Unknown
Arete,2016,0.7,U.S.A.,4.0,Phantom,Peru,Forastero
Arete,2016,0.7,U.S.A.,3.75,Elvesia,Dominican Republic,Unknown
Arete,2016,0.7,U.S.A.,3.25,Matasawalevu,Fiji,Unknown
Arete,2016,0.73,U.S.A.,3.25,Lam Dong,Vietnam,Unknown
Arete,2015,0.7,U.S.A.,3.5,Fazenda,Brazil,Unknown
Arete,2015,0.68,U.S.A.,3.5,Nacional,Peru,Forastero
Arete,2015,0.7,U.S.A.,3.75,Puerto Quito,Ecuador,Forastero
Arete,2015,0.7,U.S.A.,3.5,Oko Caribe,Dominican Republic,Unknown
Arete,2015,0.7,U.S.A.,3.75,Maya,Belize,Trinitario
Arete,2015,0.7,U.S.A.,4.0,Chuno,Nicaragua,Criollo
Arete,2015,0.75,U.S.A.,2.75,Fazenda,Brazil,Unknown
Arete,2015,0.7,U.S.A.,3.25,Guatemala,Guatemala,Unknown
Arete,2015,0.75,U.S.A.,3.5,Camino Verde,Ecuador,Unknown
Artisan du Chocolat,2013,0.72,U.K.,3.25,Trinidad,Trinidad,Trinitario
Artisan du Chocolat,2012,0.72,U.K.,3.75,Colombia,Colombia,Unknown
Artisan du Chocolat,2011,0.72,U.K.,4.0,Haiti,Haiti,Unknown
Artisan du Chocolat,2011,0.72,U.K.,2.75,Panama,Panama,Unknown
Artisan du Chocolat,2010,1.0,U.K.,1.75,Venezuela,Venezuela,Unknown
Artisan du Chocolat,2010,0.72,U.K.,3.75,Jamaica,Jamaica,Trinitario
Artisan du Chocolat,2010,0.72,U.K.,3.25,Costa Rica,Costa Rica,Unknown
Artisan du Chocolat,2010,0.72,U.K.,3.25,Ba Ria,Vietnam,Trinitario
Artisan du Chocolat,2010,0.72,U.K.,3.5,Bali,Indonesia,Unknown
Artisan du Chocolat,2009,0.75,U.K.,2.5,Ocumare,Venezuela,Criollo
Artisan du Chocolat,2009,0.72,U.K.,2.75,Java,Indonesia,Trinitario
Artisan du Chocolat,2009,0.72,U.K.,1.75,Brazil,Brazil,Unknown
Artisan du Chocolat,2009,0.8,U.K.,3.0,Madagascar,Madagascar,Criollo
Artisan du Chocolat,2009,0.75,U.K.,3.0,Peru,Peru,Criollo
Artisan du Chocolat,2009,0.72,U.K.,3.25,Dominican Republic,Dominican Republic,Trinitario
Artisan du Chocolat,2008,0.72,U.K.,3.75,Congo,Congo,Forastero
Askinosie,2016,0.68,U.S.A.,3.75,Mababa,Tanzania,Trinitario
Askinosie,2011,0.72,U.S.A.,3.75,Tenende,Tanzania,Trinitario
Askinosie,2011,0.7,U.S.A.,3.75,Cortes,Honduras,Trinitario
Askinosie,2009,0.77,U.S.A.,3.75,Davao,Philippines,Trinitario
Askinosie,2007,0.75,U.S.A.,2.5,Xoconusco,Mexico,Trinitario
Askinosie,2007,0.7,U.S.A.,3.0,San Jose,Ecuador,Forastero
Bahen & Co.,2015,0.8,Australia,3.25,House Blend,Unknown,Unknown
Bahen & Co.,2015,0.7,Australia,3.5,Papua New Guinea,Papua New Guinea,Unknown
Bahen & Co.,2012,0.7,Australia,3.0,Sambirano,Madagascar,Trinitario
Bahen & Co.,2012,0.7,Australia,2.5,Bahia,Brazil,Unknown
Bahen & Co.,2012,0.7,Australia,2.5,House Blend,Unknown,Blend
Bar Au Chocolat,2015,0.7,U.S.A.,3.5,Bahia,Brazil,Unknown
Bar Au Chocolat,2014,0.7,U.S.A.,4.0,Maranon,Peru,Forastero
Bar Au Chocolat,2012,0.7,U.S.A.,3.25,Duarte,Dominican Republic,Unknown
Bar Au Chocolat,2012,0.7,U.S.A.,3.5,Chiapas,Mexico,Unknown
Bar Au Chocolat,2012,0.7,U.S.A.,3.75,Sambirano,Madagascar,Trinitario
Batch,2016,0.65,U.S.A.,3.5,Dominican Republic,Dominican Republic,Unknown
Batch,2016,0.7,U.S.A.,3.75,Brazil,Brazil,Unknown
Batch,2016,0.65,U.S.A.,3.25,Ecuador,Ecuador,Unknown
Beehive,2016,0.8,U.S.A.,2.75,Brazil,Brazil,Unknown
Beehive,2016,0.7,U.S.A.,2.75,Dominican Republic,Dominican Republic,Unknown
Beehive,2016,0.7,U.S.A.,2.75,Ecuador,Ecuador,Unknown
Beehive,2016,0.9,U.S.A.,2.75,Ecuador,Ecuador,Unknown
Belcolade,2010,0.64,Belgium,2.75,Costa Rica,Costa Rica,Unknown
Belcolade,2010,0.64,Belgium,2.75,Papua New Guinea,Papua New Guinea,Unknown
Belcolade,2010,0.64,Belgium,2.75,Peru,Peru,Unknown
Belcolade,2010,0.71,Belgium,3.5,Ecuador,Ecuador,Unknown
Bellflower,2016,0.7,U.S.A.,3.5,Kakao Kamili,Tanzania,Criollo
Bellflower,2016,0.7,U.S.A.,3.25,Alto Beni,Bolivia,Unknown
Bellflower,2016,0.7,U.S.A.,3.5,Oko Caribe,Dominican Republic,Unknown
Belyzium,2016,0.83,Germany,2.75,Belize,Belize,Trinitario
Belyzium,2016,0.78,Germany,3.0,Belize,Belize,Trinitario
Belyzium,2016,0.83,Germany,3.5,Belize,Belize,Trinitario
Benoit Nihant,2013,0.74,Belgium,3.5,Baracoa,Cuba,Trinitario
Benoit Nihant,2013,0.74,Belgium,3.5,Chuao,Venezuela,Criollo
Benoit Nihant,2013,0.74,Belgium,3.5,Cuyagua,Venezuela,Criollo
Benoit Nihant,2013,0.73,Belgium,4.0,Rio,Ecuador,Trinitario
Benoit Nihant,2011,0.72,Belgium,4.0,Bali,Indonesia,Trinitario
Benoit Nihant,2011,0.72,Belgium,3.75,Somia,Madagascar,Trinitario
Beschle (Felchlin),2011,0.64,Switzerland,3.0,Madagascar,Madagascar,Trinitario
Beschle (Felchlin),2011,0.88,Switzerland,3.0,Maracaibo,Venezuela,Criollo
Beschle (Felchlin),2011,0.72,Switzerland,3.5,Indigena Amazonia,Venezuela,Unknown
Beschle (Felchlin),2011,0.72,Switzerland,4.0,Ecuador,Ecuador,Unknown
Beschle (Felchlin),2010,0.7,Switzerland,3.25,Carenero,Venezuela,Trinitario
Beschle (Felchlin),2010,0.74,Switzerland,3.25,Porcelana,Venezuela,Criollo
Beschle (Felchlin),2010,0.64,Switzerland,3.5,Java,Indonesia,Unknown
Beschle (Felchlin),2010,0.72,Switzerland,3.5,Ocumare,Venezuela,Unknown
Bisou,2015,0.76,U.S.A.,2.5,Nicaragua,Nicaragua,Unknown
Bisou,2015,0.76,U.S.A.,2.5,San Andres,Costa Rica,Unknown
Bisou,2015,0.78,U.S.A.,2.5,San Andres,Costa Rica,Unknown
Bisou,2015,0.86,U.S.A.,3.25,Belize,Belize,Trinitario
Bittersweet Origins,2012,0.72,U.S.A.,3.5,Ghana,Ghana,Forastero
Bittersweet Origins,2010,0.75,U.S.A.,3.25,Bali,Indonesia,Unknown
Bittersweet Origins,2010,0.7,U.S.A.,3.75,2009 Hapa Nibby,Dominican Republic,Blend
Bittersweet Origins,2010,0.65,U.S.A.,2.75,Bali,Indonesia,Unknown
Bittersweet Origins,2010,0.7,U.S.A.,3.0,Sambirano,Madagascar,Trinitario
Bittersweet Origins,2010,0.78,U.S.A.,3.0,Ocumare,Venezuela,Criollo
Bittersweet Origins,2009,0.75,U.S.A.,3.0,Puerto Plata,Dominican Republic,Unknown
Bittersweet Origins,2009,0.65,U.S.A.,3.5,Puerto Plata,Dominican Republic,Unknown
Bittersweet Origins,2009,0.75,U.S.A.,3.25,Sambirano,Madagascar,Trinitario
Bittersweet Origins,2009,0.65,U.S.A.,3.5,Sambirano,Madagascar,Trinitario
Bittersweet Origins,2008,0.71,U.S.A.,3.0,Sambirano,Madagascar,Trinitario
Bittersweet Origins,2008,0.75,U.S.A.,3.5,Bocas del Toro,Panama,Unknown
Bittersweet Origins,2008,0.68,U.S.A.,3.75,Puerto Plata,Dominican Republic,Unknown
Bittersweet Origins,2008,0.7,U.S.A.,3.0,Ankasa,Ghana,Forastero
Black Mountain,2008,0.7,U.S.A.,2.75,La Red,Dominican Republic,Unknown
Black Mountain,2008,0.7,U.S.A.,2.75,Carenero,Venezuela,Trinitario
Black Mountain,2008,0.7,U.S.A.,3.0,Matiguas,Nicaragua,Unknown
Blue Bandana,2016,0.82,U.S.A.,3.5,Akesson,Madagascar,Trinitario
Blue Bandana,2016,0.75,U.S.A.,2.75,Lachua,Guatemala,Unknown
Blue Bandana,2016,0.75,U.S.A.,3.5,Kokoa Kamili,Tanzania,Unknown
Blue Bandana,2016,0.75,U.S.A.,3.0,Zorzal Reserva,Dominican Republic,Unknown
Blue Bandana,2012,0.7,U.S.A.,3.5,Guatemala,Guatemala,Unknown
Blue Bandana,2012,0.7,U.S.A.,3.75,Madagascar,Madagascar,Trinitario
Bonnat,2016,0.75,France,3.5,Selva,Mexico,Unknown
Bonnat,2014,0.75,France,4.0,Kaori,Brazil,Unknown
Bonnat,2014,0.75,France,3.25,Los Colorados,Dominican Republic,Unknown
Bonnat,2014,0.65,France,3.75,Surfin,Venezuela,Unknown
Bonnat,2013,0.75,France,3.5,Maragnam,Brazil,Unknown
Bonnat,2013,0.75,France,3.25,Gabon,Gabon,Unknown
Bonnat,2011,0.75,France,3.5,Cuba,Cuba,Trinitario
Bonnat,2011,0.75,France,3.5,Cusco,Peru,Unknown
Bonnat,2011,0.75,France,3.5,Piura,Peru,Forastero
Bonnat,2011,0.75,France,3.75,Libanio,Brazil,Unknown
Bonnat,2011,0.75,France,4.0,Haiti,Haiti,Unknown
Bonnat,2011,0.75,France,4.0,Madagascar,Madagascar,Criollo
Bonnat,2011,0.75,France,3.5,Juliana,Brazil,Unknown
Bonnat,2011,0.75,France,3.25,Jamaica,Jamaica,Trinitario
Bonnat,2009,0.75,France,3.0,Ivory Coast,Ivory Coast,Unknown
Bonnat,2009,0.75,France,2.75,Porcelana,Peru,Criollo
Bonnat,2009,0.75,France,3.0,Porcelana,Mexico,Criollo
Bonnat,2009,0.75,France,3.0,Xoconusco,Mexico,Criollo
Bonnat,2008,0.75,France,4.0,Porcelana,Venezuela,Criollo
Bonnat,2007,0.75,France,2.5,Equateur,Ecuador,Forastero
Bonnat,2006,0.75,France,3.75,Trinite,Carribean,Trinitario
Bonnat,2006,0.75,France,4.0,Ocumare,Venezuela,Unknown
Bonnat,2006,0.75,France,4.0,Maracaibo,Venezuela,Criollo
Bonnat,2006,0.75,France,4.0,Madagascar,Madagascar,Trinitario
Bonnat,2006,1.0,France,1.5,One Hundred,Unknown,Unknown
Bonnat,2006,0.75,France,3.0,Ceylan,Sri Lanka,Unknown
Bonnat,2006,0.75,France,4.0,Chuao,Venezuela,Trinitario
Brasstown aka It's Chocolate,2016,0.7,U.S.A.,3.5,Guasare,Venezuela,Criollo
Brasstown aka It's Chocolate,2016,0.7,U.S.A.,3.75,Opayo,Nicaragua,Unknown
Brasstown aka It's Chocolate,2015,0.68,U.S.A.,3.75,Conacado,Dominican Republic,Unknown
Brasstown aka It's Chocolate,2014,0.7,U.S.A.,3.75,Maya,Belize,Trinitario
Brasstown aka It's Chocolate,2014,0.7,U.S.A.,4.0,Chuao,Venezuela,Trinitario
Brasstown aka It's Chocolate,2013,0.72,U.S.A.,3.0,Cooproagro,Dominican Republic,Trinitario
Brasstown aka It's Chocolate,2013,0.7,U.S.A.,3.25,Camino Verde,Ecuador,Unknown
Brasstown aka It's Chocolate,2013,0.75,U.S.A.,3.5,Ghana,Ghana,Forastero
Brasstown aka It's Chocolate,2013,0.85,U.S.A.,3.5,Chuao,Venezuela,Trinitario
Brazen,2015,0.6,U.S.A.,3.0,Elvesia,Dominican Republic,Unknown
Brazen,2015,0.8,U.S.A.,3.25,Elvesia,Dominican Republic,Unknown
Brazen,2015,0.7,U.S.A.,3.5,Alta Verapaz,Guatemala,Unknown
Brazen,2015,0.8,U.S.A.,2.75,Ambolikapiky,Madagascar,Unknown
Brazen,2015,0.8,U.S.A.,3.25,Maya,Belize,Trinitario
Brazen,2015,0.6,U.S.A.,3.25,Ambolikapiky,Madagascar,Unknown
Bright,2014,0.72,Australia,3.0,Somia,Madagascar,Trinitario
Bright,2014,0.7,Australia,3.5,Mara,Dominican Republic,Unknown
Bright,2014,0.72,Australia,3.5,Camino Verde,Ecuador,Unknown
Bright,2014,0.68,Australia,2.75,Gran Couva,Trinidad,Trinitario
Burnt Fork Bend,2014,0.72,U.S.A.,3.25,Trinidad,Trinidad,Trinitario
Burnt Fork Bend,2014,0.72,U.S.A.,3.5,Mindo,Ecuador,Unknown
Burnt Fork Bend,2014,0.72,U.S.A.,3.25,Belize,Belize,Trinitario
Burnt Fork Bend,2014,0.72,U.S.A.,3.25,Blend,Unknown,Blend
Burnt Fork Bend,2014,0.6,U.S.A.,2.5,Ecuador,Ecuador,Unknown
Cacao Atlanta,2014,0.75,U.S.A.,2.5,Tumbes,Peru,Criollo
Cacao Atlanta,2010,0.75,U.S.A.,2.5,Dominican Republic,Dominican Republic,Unknown
Cacao Atlanta,2010,0.75,U.S.A.,2.75,Dominican Republic,Dominican Republic,Unknown
Cacao Atlanta,2010,0.75,U.S.A.,2.25,Patanemo,Venezuela,Unknown
Cacao Barry,2016,0.65,France,3.5,Grand 'Anse,Haiti,Trinitario
Cacao Barry,2010,0.7,France,3.0,Santo Domingo,Dominican Republic,Unknown
Cacao Barry,2008,0.75,France,2.0,Tanzania,Tanzania,Unknown
Cacao Barry,2007,0.72,France,2.0,Venezuela,Venezuela,Unknown
Cacao Barry,2007,0.66,France,3.0,Mexico,Mexico,Unknown
Cacao de Origen,2015,0.77,Venezuela,3.5,Chuao,Venezuela,Trinitario
Cacao de Origen,2015,0.75,Venezuela,3.25,Rio,Venezuela,Trinitario
Cacao de Origen,2014,0.75,Venezuela,2.5,Agua Fria; Sucre region,Venezuela,Unknown
Cacao de Origen,2014,0.74,Venezuela,3.25,Macuare,Venezuela,Unknown
Cacao de Origen,2014,0.75,Venezuela,3.5,Chuao,Venezuela,Trinitario
Cacao de Origen,2014,0.7,Venezuela,3.75,Chuao,Venezuela,Trinitario
Cacao Hunters,2016,0.71,Colombia,3.75,Macondo,Colombia,Unknown
Cacao Hunters,2016,0.74,Colombia,3.75,Perla Negra,Colombia,Unknown
Cacao Hunters,2015,0.72,Colombia,3.75,Arhuacos,Colombia,Unknown
Cacao Hunters,2014,0.64,Colombia,3.5,Sierra Nevada,Colombia,Unknown
Cacao Hunters,2014,0.7,Colombia,3.5,Tumaco,Colombia,Unknown
Cacao Hunters,2014,0.69,Colombia,2.75,Boyaca,Colombia,Unknown
Cacao Hunters,2014,0.7,Colombia,3.25,Arauca,Colombia,Unknown
Cacao Prieto,2012,0.72,U.S.A.,3.75,Criollo,Dominican Republic,Criollo
Cacao Prieto,2011,0.72,U.S.A.,3.0,Dominican Republic,Dominican Republic,Unknown
Cacao Prieto,2011,0.66,U.S.A.,3.75,Dominican Republic,Dominican Republic,Unknown
Cacao Prieto,2011,0.65,U.S.A.,3.25,Dominican Republic,Dominican Republic,Unknown
Cacao Sampaka,2016,0.7,Spain,3.5,Mahali,Congo,Criollo
Cacao Sampaka,2010,0.71,Spain,3.5,Madagascar,Madagascar,Trinitario
Cacao Sampaka,2010,0.71,Spain,3.75,Ecuador,Ecuador,Unknown
Cacao Sampaka,2010,0.71,Spain,4.0,Papua New Guinea,Papua New Guinea,Unknown
Cacao Sampaka,2010,0.71,Spain,3.25,Grenada,Grenada,Trinitario
Cacao Sampaka,2010,0.71,Spain,3.5,Venezuela,Venezuela,Unknown
Cacao Sampaka,2010,0.77,Spain,3.5,Venezuela,Venezuela,Unknown
Cacao Sampaka,2009,0.7,Spain,4.0,Porcelana,Mexico,Criollo
Cacao Sampaka,2009,0.7,Spain,4.0,Xoconusco,Mexico,Criollo
Cacao Store,2015,0.7,Japan,3.0,Madagascar,Madagascar,Trinitario
Cacao Store,2015,0.7,Japan,3.25,Peru,Peru,Unknown
Cacao Store,2015,0.7,Japan,3.5,Vietnam,Vietnam,Trinitario
Cacaoyere (Ecuatoriana),2008,0.63,Ecuador,3.5,Amazonas,Ecuador,Forastero
Cacaoyere (Ecuatoriana),2008,0.71,Ecuador,3.5,Esmeraldas,Ecuador,Forastero
Cacaoyere (Ecuatoriana),2008,0.82,Ecuador,2.5,Bolivar,Ecuador,Forastero
Cacaoyere (Ecuatoriana),2008,0.91,Ecuador,1.5,Pichincha,Ecuador,Forastero
C-Amaro,2014,0.75,Italy,2.5,Cuba,Cuba,Unknown
C-Amaro,2014,0.72,Italy,3.0,Dominican Republic,Dominican Republic,Unknown
C-Amaro,2014,0.7,Italy,3.5,Lago di Como,Unknown,Blend
C-Amaro,2013,1.0,Italy,3.5,Ecuador,Ecuador,Unknown
C-Amaro,2012,0.8,Italy,3.0,Venezuela,Venezuela,Unknown
C-Amaro,2011,0.78,Italy,2.25,Sao Tome,Sao Tome,Forastero
C-Amaro,2011,0.7,Italy,2.5,Trinidad,Trinidad,Trinitario
Cao,2016,0.75,U.S.A.,2.5,Porcelana,Venezuela,Criollo
Cao,2016,0.73,U.S.A.,2.75,Tanzania,Tanzania,Unknown
Cao,2016,0.7,U.S.A.,3.0,Porcelana,Venezuela,Criollo
Cao,2016,0.75,U.S.A.,3.0,Bolivia,Bolivia,Unknown
Cao,2016,0.7,U.S.A.,3.25,Brazil,Brazil,Trinitario
Caoni (Tulicorp),2008,0.77,Ecuador,2.0,Esmeraldas,Ecuador,Forastero
Caoni (Tulicorp),2008,0.77,Ecuador,2.5,Manabi,Ecuador,Forastero
Caoni (Tulicorp),2008,0.77,Ecuador,2.75,Los Rios,Ecuador,Forastero
Caoni (Tulicorp),2008,0.55,Ecuador,3.0,Manabi,Ecuador,Forastero
Caoni (Tulicorp),2008,0.55,Ecuador,3.25,Los Rios,Ecuador,Forastero
Caoni (Tulicorp),2008,0.55,Ecuador,3.5,Esmeraldas,Ecuador,Forastero
Caribeans,2015,0.72,Costa Rica,3.5,Antigua,Guatemala,Unknown
Caribeans,2015,0.72,Costa Rica,3.25,Talamanca,Costa Rica,Unknown
Caribeans,2015,0.72,Costa Rica,3.5,Anselmo Paraiso Estate,Costa Rica,Unknown
Caribeans,2012,0.72,Costa Rica,3.0,Costa Rica,Costa Rica,Forastero
Caribeans,2012,0.8,Costa Rica,2.75,Costa Rica,Costa Rica,Forastero
Carlotta Chocolat,2016,0.65,Colombia,3.0,Arauca,Colombia,Trinitario
Carlotta Chocolat,2016,0.65,Colombia,3.25,Tumaco,Colombia,Trinitario
Carlotta Chocolat,2016,0.65,Colombia,3.25,Cordoba,Colombia,Trinitario
Carlotta Chocolat,2016,0.65,Colombia,3.5,Huila,Colombia,Trinitario
Carlotta Chocolat,2016,0.65,Colombia,3.5,Cesar,Colombia,CCN51
Castronovo,2016,0.72,U.S.A.,4.0,Maya,Belize,Trinitario
Castronovo,2015,0.72,U.S.A.,3.5,the lost city,Honduras,Trinitario
Castronovo,2015,0.7,U.S.A.,3.75,Duarte,Dominican Republic,Criollo
Castronovo,2015,0.72,U.S.A.,3.5,Piaroa,Venezuela,Unknown
Castronovo,2014,0.72,U.S.A.,3.5,Sierra Nevada,Colombia,Criollo
Castronovo,2014,0.76,U.S.A.,3.5,Arauca,Colombia,Criollo
Castronovo,2014,0.7,U.S.A.,2.75,Elvesia,Dominican Republic,Trinitario
Castronovo,2013,0.7,U.S.A.,3.0,Bolivia,Bolivia,Trinitario
Castronovo,2013,0.73,U.S.A.,3.5,Conacado,Dominican Republic,Trinitario
Castronovo,2013,0.7,U.S.A.,2.5,San Martin,Peru,Criollo
Castronovo,2013,0.7,U.S.A.,3.25,Guaniamo,Venezuela,Unknown
Castronovo,2013,0.72,U.S.A.,3.25,Nicaragua,Nicaragua,Trinitario
Castronovo,2013,0.7,U.S.A.,2.75,Tumbes,Peru,Criollo
Castronovo,2013,0.72,U.S.A.,3.0,Guaniamo,Venezuela,Unknown
Cello,2014,0.7,U.S.A.,2.5,Ecuador,Ecuador,Unknown
Cello,2014,0.7,U.S.A.,2.75,Peru,Peru,Unknown
Cello,2014,0.7,U.S.A.,2.75,Venezuela,Venezuela,Unknown
Cello,2014,0.7,U.S.A.,3.0,Bolivia,Bolivia,Unknown
Chocolarder,2015,0.65,U.K.,2.5,Peru,Peru,Criollo
Chocolarder,2015,0.65,U.K.,2.75,Peru,Peru,Criollo
Chocolarder,2015,0.8,U.K.,2.5,Dominican Republic,Dominican Republic,Unknown
Chocolate Con Amor,2016,0.7,U.S.A.,2.5,Wild Bolivian,Bolivia,Unknown
Chocolate Con Amor,2016,0.7,U.S.A.,2.75,Uganda,Uganda,Unknown
Chocolate Con Amor,2016,0.6,U.S.A.,3.0,Dominican Republic,Dominican Republic,Unknown
Chocolate Con Amor,2016,0.75,U.S.A.,3.0,Dominican Republic,Dominican Republic,Unknown
Chocolate Con Amor,2016,0.8,U.S.A.,3.0,Ocumare,Venezuela,Criollo
Chocolate Con Amor,2016,0.7,U.S.A.,3.25,Ecuador,Ecuador,Unknown
Chocolate Con Amor,2016,0.8,U.S.A.,2.75,Nicaragua,Nicaragua,Unknown
Chocolate Makers,2015,0.75,Amsterdam,3.25,Tres Hombres,Dominican Republic,Trinitario
Chocolate Makers,2015,0.68,Amsterdam,3.5,Congo,Congo,Forastero
Chocolate Makers,2015,0.8,Amsterdam,3.75,Peru,Peru,Criollo
"Chocolate Tree, The",2015,0.69,Scotland,3.75,Maranon,Peru,Forastero
"Chocolate Tree, The",2015,0.8,Scotland,3.75,Carenero,Venezuela,Trinitario
"Chocolate Tree, The",2013,0.7,Scotland,3.75,Peru,Peru,Forastero
"Chocolate Tree, The",2012,0.82,Scotland,2.5,Ecuador,Ecuador,Forastero
"Chocolate Tree, The",2012,0.68,Scotland,2.75,Peru,Peru,Criollo
"Chocolate Tree, The",2012,0.72,Scotland,3.25,Madagascar,Madagascar,Criollo
Chocovic,2010,0.71,Spain,3.25,Xoconusco,Mexico,Criollo
Chocovic,2010,0.71,Spain,3.5,Sambirano,Madagascar,Trinitario
Chocovic,2009,0.6,Spain,3.25,Kendari,Unknown,Unknown
Chocovic,2009,0.75,Spain,3.25,Tarakan,Unknown,Unknown
Chocovic,2008,0.71,Spain,3.5,Ocumare,Venezuela,Criollo
Chocovic,2007,0.71,Spain,2.5,Bolivar,Ecuador,Forastero
Chocovic,2007,0.71,Spain,2.5,Guyave,Grenada,Trinitario
Chocovic,2007,0.7,Spain,3.0,Maragda,Unknown,Blend
Choklat,2009,0.8,Canada,2.5,Ocumare,Venezuela,Criollo
Choklat,2009,0.7,Canada,2.75,Porcelana,Mexico,Criollo
Choklat,2009,0.7,Canada,3.0,Brazil,Brazil,Unknown
Choklat,2009,0.8,Canada,3.0,Brazil,Brazil,Unknown
Choklat,2009,0.7,Canada,3.0,Ocumare,Venezuela,Criollo
Claudio Corallo,2010,0.735,Sao Tome,3.75,Terreiro Velho P.,Sao Tome,Forastero
Claudio Corallo,2008,0.8,Sao Tome,3.0,Terreiro Velho P.,Sao Tome,Forastero
Claudio Corallo,2008,0.75,Sao Tome,4.0,Terreiro Velho P.,Sao Tome,Forastero
Claudio Corallo,2008,1.0,Sao Tome,1.0,Principe,Sao Tome,Forastero
Compania de Chocolate (Salgado),2010,0.7,Argentina,3.25,Sur del Lago,Venezuela,Unknown
Compania de Chocolate (Salgado),2008,0.8,Argentina,2.75,Carenero,Venezuela,Trinitario
Compania de Chocolate (Salgado),2008,0.72,Argentina,3.25,Moxos,Bolivia,Unknown
Compania de Chocolate (Salgado),2008,0.7,Argentina,3.75,Ocumare,Venezuela,Criollo
Compania de Chocolate (Salgado),2008,0.88,Argentina,2.75,Esmeraldas,Ecuador,Forastero
Coppeneur,2013,0.65,Germany,3.25,Ecuador,Ecuador,Forastero
Coppeneur,2012,0.85,Germany,3.5,Ghana,Ghana,Forastero
Coppeneur,2012,1.0,Germany,1.5,Ecuador,Ecuador,Unknown
Coppeneur,2012,0.72,Germany,3.75,Uba Budo,Sao Tome,Forastero
Coppeneur,2012,0.7,Germany,3.5,Madagascar,Madagascar,Trinitario
Coppeneur,2010,0.72,Germany,3.25,Grenada,Grenada,Trinitario
Coppeneur,2010,0.7,Germany,3.0,Chuao,Venezuela,Trinitario
Coppeneur,2010,0.72,Germany,2.5,Los Rios,Ecuador,Nacional
Coppeneur,2010,0.72,Germany,3.0,Trinidad,Trinidad,Trinitario
Coppeneur,2010,0.72,Germany,3.25,Jamaica,Jamaica,Trinitario
Coppeneur,2010,0.72,Germany,3.25,Ocumare,Venezuela,Criollo
Coppeneur,2009,0.72,Germany,3.0,Porcelana,Peru,Criollo
Coppeneur,2009,0.62,Germany,3.25,Porcelana,Peru,Criollo
Coppeneur,2009,0.7,Germany,3.5,Chuao,Venezuela,Criollo
Coppeneur,2009,0.7,Germany,3.75,Chuao,Venezuela,Criollo
Coppeneur,2008,0.72,Germany,3.0,Porcelana,Mexico,Criollo
Coppeneur,2008,0.72,Germany,3.0,Porcelana,Venezuela,Criollo
Coppeneur,2007,0.72,Germany,3.0,Sambirano,Madagascar,Trinitario
Cravve,2014,0.7,Australia,2.5,New Ireland,Papua New Guinea,Forastero
Cravve,2014,0.83,Australia,2.75,Vanuatu,Vanuatu,Trinitario
Cravve,2012,0.75,Australia,3.25,Tanzania,Tanzania,Forastero
Cravve,2012,0.65,Australia,3.25,Bahia,Brazil,Trinitario
Cravve,2012,0.67,Australia,3.25,Namau Village,Fiji,Trinitario
Cravve,2012,0.64,Australia,3.25,Vanuatu,Vanuatu,Trinitario
Cravve,2012,0.75,Australia,3.5,Djual Island,Papua New Guinea,Forastero
Damson,2015,0.7,U.K.,3.0,Robson Estate,Trinidad,Trinitario
Damson,2015,0.7,U.K.,3.5,Los Rios,Ecuador,Unknown
Damson,2015,0.7,U.K.,2.25,Crayfish Bay Estate,Grenada,Unknown
Damson,2015,0.7,U.K.,2.75,Opayo,Nicaragua,Unknown
Dandelion,2016,0.7,U.S.A.,3.75,Zorzal Reserva,Unknown,Unknown
Dandelion,2015,0.7,U.S.A.,3.0,Maya,Belize,Trinitario
Dandelion,2014,0.7,U.S.A.,3.5,Maya,Belize,Trinitario
Dandelion,2014,0.7,U.S.A.,3.5,Camino Verde,Ecuador,Unknown
Dandelion,2014,0.7,U.S.A.,2.75,Buto,Liberia,Unknown
Dandelion,2014,0.7,U.S.A.,3.75,San Francisco de Macoris,Dominican Republic,Unknown
Dandelion,2013,0.7,U.S.A.,2.75,Cumboto,Venezuela,Unknown
Dandelion,2013,0.7,U.S.A.,3.25,Patanemo,Venezuela,Unknown
Dandelion,2013,0.7,U.S.A.,3.5,Mantuano,Venezuela,Unknown
Dandelion,2013,0.7,U.S.A.,3.5,Papua New Guinea,Papua New Guinea,Unknown
Dandelion,2012,0.7,U.S.A.,3.0,Upala,Costa Rica,Unknown
Dandelion,2012,0.7,U.S.A.,3.25,Colombia,Colombia,Unknown
Dandelion,2012,0.7,U.S.A.,3.75,Elvesia,Dominican Republic,Unknown
Dandelion,2011,0.7,U.S.A.,3.25,Dominican Republic,Dominican Republic,Unknown
Dandelion,2011,0.7,U.S.A.,3.25,Madagascar,Madagascar,Trinitario
Dandelion,2011,0.7,U.S.A.,3.25,Tanzania,Tanzania,Unknown
Danta,2014,0.82,Guatemala,3.25,Los Ujuxtes,Guatemala,Unknown
Danta,2012,0.75,Guatemala,3.0,Chuao,Venezuela,Trinitario
Danta,2012,0.7,Guatemala,3.75,Los Ujuxtes,Guatemala,Unknown
Danta,2012,0.7,Guatemala,3.75,Sambirano,Madagascar,Trinitario
Danta,2012,0.7,Guatemala,4.0,Las Acacias E.,Guatemala,Criollo
Danta,2012,0.7,Guatemala,3.25,Oscuro,Guatemala,Unknown
Danta,2011,0.6,Guatemala,3.5,Los Ujuxtes,Guatemala,Unknown
Danta,2009,0.75,Guatemala,3.0,Las Acacias E.,Guatemala,Criollo
Danta,2009,0.6,Guatemala,3.25,Las Acacias E.,Guatemala,Criollo
DAR,2016,0.72,U.S.A.,2.75,Venezuela,Venezuela,Unknown
DAR,2016,0.72,U.S.A.,3.0,Vietnam,Vietnam,Trinitario
DAR,2016,0.7,U.S.A.,3.25,DUO,Ecuador,Unknown
Dark Forest,2016,0.75,U.S.A.,3.25,Bolivia,Bolivia,Unknown
Dark Forest,2015,0.7,U.S.A.,3.0,Madagascar,Madagascar,Trinitario
Dark Forest,2015,0.7,U.S.A.,3.25,Ocumare,Venezuela,Unknown
Dark Forest,2015,0.7,U.S.A.,3.0,Tanzania,Tanzania,Unknown
Dark Forest,2015,0.7,U.S.A.,3.25,Ecuador,Ecuador,Unknown
Davis,2013,0.7,U.S.A.,2.5,Ghana,Ghana,Forastero
Davis,2013,0.7,U.S.A.,2.75,Rainforest,Dominican Republic,Unknown
Davis,2013,0.7,U.S.A.,2.75,Venezuela,Venezuela,Unknown
Davis,2012,0.58,U.S.A.,3.25,West Africa,West Africa,Forastero
Dean and Deluca (Belcolade),2007,0.66,U.S.A.,2.5,Madagascar,Madagascar,Trinitario
Dean and Deluca (Belcolade),2007,0.64,U.S.A.,3.0,Costa Rica,Costa Rica,Unknown
Dean and Deluca (Belcolade),2007,0.71,U.S.A.,3.0,Ecuador,Ecuador,Unknown
Dean and Deluca (Belcolade),2007,0.6,U.S.A.,3.0,Ghana,Ghana,Forastero
Dean and Deluca (Belcolade),2007,0.64,U.S.A.,3.0,Papua New Guinea,Papua New Guinea,Unknown
Dean and Deluca (Belcolade),2007,0.64,U.S.A.,3.0,Peru,Peru,Unknown
DeVries,2008,0.8,U.S.A.,2.75,Bolivia,Bolivia,Unknown
DeVries,2007,0.77,U.S.A.,3.5,Costa Rica,Costa Rica,Trinitario
DeVries,2007,0.77,U.S.A.,3.5,Dominican Republic,Dominican Republic,Unknown
Dick Taylor,2017,0.7,U.S.A.,3.75,Lanquin Estate,Guatemala,Unknown
Dick Taylor,2016,0.78,U.S.A.,3.5,Tien Giang,Vietnam,Trinitario
Dick Taylor,2015,0.7,U.S.A.,3.75,Alto Beni,Bolivia,Unknown
Dick Taylor,2014,0.74,U.S.A.,3.5,Elvesia,Dominican Republic,Unknown
Dick Taylor,2013,0.7,U.S.A.,3.25,Ecuador,Ecuador,Unknown
Dick Taylor,2013,0.76,U.S.A.,3.5,Camino Verde,Ecuador,Unknown
Dick Taylor,2012,0.75,U.S.A.,2.75,Bolivia,Bolivia,Unknown
Dick Taylor,2012,0.72,U.S.A.,2.75,Belize,Belize,Trinitario
Dick Taylor,2011,0.8,U.S.A.,2.75,Sambirano,Madagascar,Trinitario
Dick Taylor,2011,0.72,U.S.A.,3.0,Sambirano,Madagascar,Trinitario
Dick Taylor,2011,0.75,U.S.A.,2.75,Mantuano,Venezuela,Criollo
Dick Taylor,2011,0.74,U.S.A.,3.0,La Red,Dominican Republic,Unknown
Dick Taylor,2011,0.7,U.S.A.,3.25,Ecuador,Ecuador,Unknown
Doble & Bignall,2015,0.85,U.K.,3.0,Puerto Cabello,Venezuela,Unknown
Doble & Bignall,2014,0.72,U.K.,3.25,Panama,Panama,Unknown
Doble & Bignall,2014,0.72,U.K.,3.25,Puerto Cabello,Venezuela,Trinitario
Doble & Bignall,2014,0.72,U.K.,3.5,Johe,Nicaragua,Criollo
Domori,2015,0.7,Italy,3.75,Hacienda Victoria,Ecuador,Unknown
Domori,2015,0.7,Italy,3.75,Ocumare,Venezuela,Criollo
Domori,2013,1.0,Italy,3.0,IL100,Venezuela,Criollo
Domori,2012,0.7,Italy,3.5,Morogoro,Tanzania,Unknown
Domori,2012,0.7,Italy,3.75,Guasare,Venezuela,Criollo
Domori,2011,0.7,Italy,3.5,Canoabo,Venezuela,Criollo
Domori,2010,0.7,Italy,3.0,Chuao,Venezuela,Trinitario
Domori,2008,0.7,Italy,3.0,Carupano,Venezuela,Trinitario
Domori,2008,0.7,Italy,3.0,Teyuna,Colombia,Unknown
Domori,2008,0.78,Italy,3.5,Blend,Unknown,Blend
Domori,2008,0.7,Italy,3.75,Ilblend,Unknown,Blend
Domori,2007,0.7,Italy,4.0,Porcelana,Venezuela,Criollo
Domori,2007,0.75,Italy,3.25,Ocumare,Venezuela,Criollo
Domori,2007,0.6,Italy,3.25,Granella,Venezuela,Trinitario
Domori,2007,0.7,Italy,3.5,Madagascar,Madagascar,Trinitario
Domori,2007,0.7,Italy,3.5,Madagascar,Madagascar,Criollo
Domori,2007,0.7,Italy,3.75,Java,Indonesia,Criollo
Domori,2007,0.7,Italy,4.0,Ecuador,Ecuador,Forastero
Domori,2007,0.7,Italy,4.0,Ocumare,Venezuela,Criollo
Domori,2006,0.7,Italy,3.0,Sur del Lago,Venezuela,Trinitario
Domori,2006,0.7,Italy,3.25,Apurimac,Peru,Trinitario
Domori,2006,0.7,Italy,3.5,Carenero,Venezuela,Trinitario
Dormouse,2016,0.75,U.K.,2.75,Non Pariel Estate,Grenada,Trinitario
Dormouse,2015,0.7,U.K.,2.5,Rio,Venezuela,Trinitario
Dormouse,2015,0.8,U.K.,2.75,Colombia,Colombia,Criollo
Dormouse,2015,0.77,U.K.,2.75,Madagascar,Madagascar,Criollo
Duffy's,2015,0.7,U.K.,4.0,Rio,Guatemala,Criollo
Duffy's,2014,0.7,U.K.,3.5,Chuno,Nicaragua,Criollo
Duffy's,2014,0.76,U.K.,3.75,Rico Rugoso,Nicaragua,Criollo
Duffy's,2012,0.72,U.K.,3.75,Ocumare,Venezuela,Unknown
Duffy's,2011,0.72,U.K.,3.75,Indio Rojo,Honduras,Criollo
Duffy's,2011,0.65,U.K.,3.5,Dominican Republic,Dominican Republic,Unknown
Duffy's,2011,0.72,U.K.,3.0,Bocas del Toro,Panama,Unknown
Duffy's,2011,0.71,U.K.,3.25,Nicaliso,Nicaragua,Criollo
Duffy's,2011,0.71,U.K.,3.5,Ocumare,Venezuela,Unknown
Duffy's,2010,0.7,U.K.,3.5,Panama,Panama,Unknown
Duffy's,2010,0.72,U.K.,3.75,Corazon del Ecuador,Ecuador,Unknown
Duffy's,2010,0.7,U.K.,2.5,Star of Ecuador,Ecuador,Unknown
Duffy's,2010,0.7,U.K.,3.75,Star of Peru,Peru,Unknown
Durci,2015,0.7,U.S.A.,3.5,Maranon,Peru,Forastero
Durci,2015,0.7,U.S.A.,3.5,Rio,Venezuela,Trinitario
Durci,2015,0.7,U.S.A.,3.25,Tainori,Dominican Republic,Unknown
Durci,2015,0.7,U.S.A.,3.25,Carenero,Venezuela,Trinitario
Durci,2015,0.7,U.S.A.,4.0,Corona Arriba,Ecuador,Unknown
East Van Roasters,2014,0.7,Canada,3.25,Peru,Peru,Unknown
East Van Roasters,2014,0.7,Canada,3.5,Madagascar,Madagascar,Trinitario
East Van Roasters,2014,0.7,Canada,3.75,Dominican Republic,Dominican Republic,Unknown
El Rey,2015,0.7,Venezuela,3.75,San Joaquin,Venezuela,Unknown
El Rey,2009,0.605,Venezuela,2.75,Rio,Venezuela,Trinitario
El Rey,2009,0.7,Venezuela,3.0,Rio,Venezuela,Trinitario
El Rey,2008,0.74,Venezuela,2.5,Carenero,Venezuela,Criollo
El Rey,2008,0.58,Venezuela,2.5,Carenero,Venezuela,Criollo
El Rey,2008,0.61,Venezuela,3.0,Carenero,Venezuela,Criollo
El Rey,2006,0.7,Venezuela,2.75,Carenero,Venezuela,Criollo
Erithaj (A. Morin),2014,0.7,France,3.25,Ben Tre,Vietnam,Trinitario
Erithaj (A. Morin),2014,0.8,France,3.0,Ham Luong,Vietnam,Trinitario
Erithaj (A. Morin),2014,0.74,France,3.25,Ba Lai,Vietnam,Trinitario
Escazu,2012,0.7,U.S.A.,2.75,Rio,Venezuela,Trinitario
Escazu,2009,0.65,U.S.A.,2.0,Guapiles,Costa Rica,Unknown
Escazu,2009,0.81,U.S.A.,3.5,Carenero,Venezuela,Criollo
Escazu,2009,0.74,U.S.A.,2.75,Carenero,Costa Rica,Unknown
Escazu,2008,0.72,U.S.A.,3.0,Ocumare,Venezuela,Criollo
Ethel's Artisan (Mars),2011,0.55,U.S.A.,2.5,Peru,Peru,Unknown
Ethel's Artisan (Mars),2011,0.55,U.S.A.,2.5,Trinidad,Trinidad,Trinitario
Ethel's Artisan (Mars),2011,0.7,U.S.A.,2.5,Porcelana,Venezuela,Criollo
Ethel's Artisan (Mars),2011,0.62,U.S.A.,2.75,Red Vanilla,Unknown,Unknown
Ethel's Artisan (Mars),2011,0.62,U.S.A.,2.5,Venezuela,Venezuela,Unknown
Ethereal,2014,0.8,U.S.A.,3.0,Belize,Belize,Trinitario
Ethereal,2014,0.8,U.S.A.,3.5,Ecuador,Ecuador,Unknown
Ethereal,2014,0.8,U.S.A.,3.75,Dominican Republic,Dominican Republic,Unknown
Feitoria Cacao,2016,0.76,Portugal,3.0,Blue Mountain,Jamaica,Unknown
Feitoria Cacao,2016,0.76,Portugal,2.5,Cuyagua,Venezuela,Unknown
Feitoria Cacao,2016,0.76,Portugal,2.75,Maya,Belize,Trinitario
Felchlin,2010,0.58,Switzerland,3.5,Grenada,Grenada,Trinitario
Felchlin,2006,0.62,Switzerland,2.0,Supremo- SF,Unknown,Unknown
Felchlin,2006,0.74,Switzerland,3.0,Elvesia,Dominican Republic,Trinitario
Felchlin,2006,0.64,Switzerland,3.0,Madagascar,Madagascar,Criollo
Felchlin,2006,0.65,Switzerland,3.0,Maracaibo,Venezuela,Criollo
Felchlin,2006,0.72,Switzerland,3.5,Arriba,Ecuador,Forastero
Felchlin,2006,0.68,Switzerland,4.0,Alto Beni,Bolivia,Criollo
Finca,2014,0.65,U.S.A.,2.25,Puerto Rico,Puerto Rico,Unknown
Finca,2014,0.8,U.S.A.,3.0,Dominican Republic,Dominican Republic,Unknown
Finca,2014,0.7,U.S.A.,3.25,Dominican Republic,Dominican Republic,Unknown
Finca,2014,0.85,U.S.A.,2.5,Dominican Republic,Dominican Republic,Unknown
Fossa,2016,0.7,Singapore,2.75,Akesson,Madagascar,Unknown
Fossa,2016,0.75,Singapore,3.5,Camino Verde,Ecuador,Unknown
Fossa,2016,0.67,Singapore,3.75,Kokoa Kamili,Tanzania,Trinitario
Franceschi,2014,0.7,Venezuela,3.5,Choroni,Venezuela,Unknown
Franceschi,2014,0.7,Venezuela,3.75,Ocumare,Venezuela,Unknown
Franceschi,2012,0.7,Venezuela,3.75,Canoabo,Venezuela,Unknown
Franceschi,2012,0.6,Venezuela,3.5,Sur del Lago,Venezuela,Unknown
Frederic Blondeel,2015,0.7,Belgium,3.5,Costa Rica,Costa Rica,Unknown
Frederic Blondeel,2015,0.75,Belgium,3.5,Peru,Peru,Unknown
Frederic Blondeel,2015,0.8,Belgium,3.0,Vietnam,Vietnam,Trinitario
Frederic Blondeel,2014,0.6,Belgium,3.5,Ghana,Ghana,Forastero
Frederic Blondeel,2014,0.65,Belgium,3.5,Madagascar,Madagascar,Trinitario
French Broad,2017,0.7,U.S.A.,3.5,Norandino,Peru,Unknown
French Broad,2015,0.73,U.S.A.,3.5,Guatemala,Guatemala,Unknown
French Broad,2014,0.8,U.S.A.,3.0,San Andres,Costa Rica,Unknown
French Broad,2014,0.68,U.S.A.,3.25,Matagalpa,Nicaragua,Unknown
French Broad,2013,0.66,U.S.A.,3.5,Palo Blanco,Peru,Unknown
French Broad,2012,0.7,U.S.A.,2.5,Tumbes,Peru,Criollo
French Broad,2012,0.61,U.S.A.,3.5,Palo Blanco,Peru,Unknown
French Broad,2012,0.81,U.S.A.,2.0,Palo Blanco,Peru,Unknown
French Broad,2011,0.7,U.S.A.,3.5,Maranon,Peru,Forastero
French Broad,2011,0.65,U.S.A.,3.5,La Red,Dominican Republic,Unknown
Fresco,2014,0.7,U.S.A.,3.0,Maranon,Peru,Forastero
Fresco,2014,0.7,U.S.A.,3.5,Maranon,Peru,Forastero
Fresco,2014,0.7,U.S.A.,3.5,Maranon,Peru,Forastero
Fresco,2014,0.7,U.S.A.,3.5,Maranon,Peru,Forastero
Fresco,2013,0.72,U.S.A.,3.25,Conacado,Dominican Republic,Unknown
Fresco,2013,0.72,U.S.A.,3.75,Conacado,Dominican Republic,Unknown
Fresco,2013,0.7,U.S.A.,3.75,San Martin,Peru,Unknown
Fresco,2013,0.7,U.S.A.,4.0,Bellavista,Peru,Trinitario
Fresco,2012,0.69,U.S.A.,3.5,Markham Valley,Papua New Guinea,Unknown
Fresco,2012,0.69,U.S.A.,3.5,Markham Valley,Papua New Guinea,Unknown
Fresco,2012,0.74,U.S.A.,4.0,Sambirano,Madagascar,Trinitario
Fresco,2012,0.69,U.S.A.,4.0,Markham Valley,Papua New Guinea,Trinitario
Fresco,2012,0.69,U.S.A.,3.0,Markham Valley,Papua New Guinea,Trinitario
Fresco,2011,0.74,U.S.A.,2.75,Ghana,Ghana,Forastero
Fresco,2011,0.7,U.S.A.,3.25,Jamaica,Jamaica,Trinitario
Fresco,2011,0.72,U.S.A.,3.5,Conacado,Dominican Republic,Unknown
Fresco,2011,0.7,U.S.A.,3.5,Jamaica,Jamaica,Trinitario
Fresco,2011,0.74,U.S.A.,2.75,Sambirano,Madagascar,Trinitario
Fresco,2011,0.72,U.S.A.,3.25,Conacado,Dominican Republic,Unknown
Fresco,2011,0.74,U.S.A.,3.0,Sambirano,Madagascar,Trinitario
Fresco,2011,0.76,U.S.A.,3.25,Chuao,Venezuela,Trinitario
Fresco,2011,0.7,U.S.A.,4.0,Chuao,Venezuela,Trinitario
Fresco,2009,0.8,U.S.A.,2.75,Jamaica,Jamaica,Trinitario
Fresco,2009,0.7,U.S.A.,3.0,Jamaica,Jamaica,Trinitario
Fresco,2009,0.7,U.S.A.,3.25,Jamaica,Jamaica,Trinitario
Fresco,2009,0.65,U.S.A.,3.5,Carenero,Venezuela,Criollo
Friis Holm (Bonnat),2015,0.6,Denmark,3.0,La Dalia,Nicaragua,Unknown
Friis Holm (Bonnat),2015,0.85,Denmark,3.25,La Dalia,Nicaragua,Unknown
Friis Holm (Bonnat),2014,0.7,Denmark,3.5,La Dalia,Nicaragua,Unknown
Friis Holm (Bonnat),2013,0.7,Denmark,3.25,Barba,Nicaragua,Unknown
Friis Holm (Bonnat),2013,0.7,Denmark,3.5,Medagla,Nicaragua,Unknown
Friis Holm (Bonnat),2012,0.7,Denmark,3.25,Chuno,Nicaragua,Criollo
Friis Holm (Bonnat),2012,0.7,Denmark,3.25,Red Mayan,Honduras,Criollo
Friis Holm (Bonnat),2012,0.7,Denmark,3.25,Chuno,Nicaragua,Criollo
Friis Holm (Bonnat),2012,0.7,Denmark,3.75,Rugoso,Nicaragua,Unknown
Friis Holm (Bonnat),2011,0.7,Denmark,3.25,Johe,Nicaragua,Criollo
Friis Holm (Bonnat),2011,0.7,Denmark,3.5,Chuno,Nicaragua,Criollo
Friis Holm (Bonnat),2011,0.7,Denmark,3.5,Nicaliso,Nicaragua,Criollo
Fruition,2016,0.74,U.S.A.,3.75,Wild Bolivian,Bolivia,Beniano
Fruition,2016,0.74,U.S.A.,4.0,Cota Brus,Costa Rica,Amazon
Fruition,2014,0.7,U.S.A.,3.75,Gran Couva,Trinidad,Trinitario
Fruition,2014,0.76,U.S.A.,3.0,Maranon,Peru,Forastero
Fruition,2013,0.7,U.S.A.,3.75,La Red,Dominican Republic,Unknown
Fruition,2013,0.75,U.S.A.,3.0,Camino Verde,Ecuador,Unknown
Fruition,2012,0.7,U.S.A.,2.5,Peru,Peru,Unknown
Fruition,2011,0.66,U.S.A.,3.25,Signature Blend,Costa Rica,Trinitario
Fruition,2011,0.7,U.S.A.,3.0,Costa Rica,Costa Rica,Unknown
Georgia Ramon,2015,0.65,Germany,3.25,Akesson,Madagascar,Trinitario
Georgia Ramon,2015,0.7,Germany,4.0,ABOCFA Coop,Ghana,Forastero
Georgia Ramon,2015,0.7,Germany,3.5,Conacado,Dominican Republic,Trinitario
Georgia Ramon,2015,0.8,Germany,3.5,Conacado,Dominican Republic,Trinitario
Georgia Ramon,2015,0.75,Germany,3.5,Akesson,Madagascar,Trinitario
Goodnow Farms,2016,0.77,U.S.A.,2.75,Almendra Blanca,Mexico,Unknown
Goodnow Farms,2016,0.77,U.S.A.,3.25,El Carmen,Nicaragua,Unknown
Goodnow Farms,2016,0.77,U.S.A.,3.25,Asochivite,Guatemala,Unknown
Grenada Chocolate Co.,2010,0.82,Grenada,3.25,Grenada,Grenada,Trinitario
Grenada Chocolate Co.,2009,0.6,Grenada,2.75,Grenada,Grenada,Trinitario
Grenada Chocolate Co.,2008,0.71,Grenada,2.5,Grenada,Grenada,Trinitario
Guido Castagna,2009,0.64,Italy,3.0,Arriba,Ecuador,Forastero
Guido Castagna,2009,0.64,Italy,3.0,Ghana,Ghana,Forastero
Guido Castagna,2009,0.64,Italy,3.0,Trinidad,Trinidad,Unknown
Guido Castagna,2009,0.76,Italy,3.0,Lacri Blend,Venezuela,Unknown
Guido Castagna,2009,0.64,Italy,3.25,Blend,Venezuela,Unknown
Guittard,2015,0.7,U.S.A.,3.75,Epique,Unknown,Unknown
Guittard,2013,0.65,U.S.A.,2.75,Haiti,Haiti,Unknown
Guittard,2013,0.65,U.S.A.,2.75,Nicaragua,Nicaragua,Unknown
Guittard,2013,0.65,U.S.A.,3.25,Jamaica,Jamaica,Trinitario
Guittard,2013,0.65,U.S.A.,3.5,Ecuador,Ecuador,Unknown
Guittard,2011,0.72,U.S.A.,2.75,Coucher du Soleil,Unknown,Unknown
Guittard,2011,0.61,U.S.A.,3.25,Lever du Soleil,Unknown,Unknown
Guittard,2011,0.72,U.S.A.,3.25,Onyx,Unknown,Unknown
Guittard,2010,0.65,U.S.A.,3.0,Trinidad,Trinidad,Trinitario
Guittard,2009,0.55,U.S.A.,3.0,Oahu,Hawaii,Unknown
Guittard,2009,0.91,U.S.A.,3.0,Nocturne,Unknown,Unknown
Guittard,2009,0.7,U.S.A.,3.5,Complexite,Unknown,Blend
Guittard,2008,0.65,U.S.A.,3.0,Machu Pichu,Peru,Unknown
Guittard,2008,0.64,U.S.A.,3.0,Special Maker Reserve,Unknown,Unknown
Guittard,2008,0.65,U.S.A.,3.5,Ocumare,Venezuela,Unknown
Guittard,2007,0.72,U.S.A.,3.5,Quetzalcoatl,Unknown,Blend
Guittard,2006,0.65,U.S.A.,3.0,Chucuri,Colombia,Trinitario
Guittard,2006,0.65,U.S.A.,2.5,Sur del Lago,Venezuela,Trinitario
Guittard,2006,0.65,U.S.A.,3.5,Sambirano,Madagascar,Criollo
Guittard,2006,0.65,U.S.A.,3.5,Los Rios,Ecuador,Forastero
Guittard,2006,0.61,U.S.A.,3.5,Tsaranta,Unknown,Blend
Guittard,2006,0.61,U.S.A.,3.0,Semisweet,Unknown,Blend
Habitual,2014,0.8,Canada,2.75,Papua New Guinea,Papua New Guinea,Unknown
Habitual,2014,0.74,Canada,2.75,Campesino w/ nibs,Unknown,Unknown
Habitual,2014,0.75,Canada,3.25,Dominican Republic,Dominican Republic,Unknown
Habitual,2014,0.7,Canada,3.5,Trinitario,Unknown,Trinitario
Habitual,2014,0.65,Canada,2.75,Downtown London,Unknown,Unknown
Habitual,2014,0.7,Canada,3.0,Africa,Unknown,Unknown
Habitual,2014,0.8,Canada,3.0,Amazonas,Unknown,Unknown
Habitual,2014,0.66,Canada,3.25,Sharkey,Hawaii,Unknown
Habitual,2014,1.0,Canada,2.0,one hundred,Unknown,Unknown
Harper Macaw,2016,0.85,U.S.A.,3.25,Vale do Juliana,Brazil,Unknown
Harper Macaw,2015,0.67,U.S.A.,3.0,Brazil,Brazil,Unknown
Harper Macaw,2015,0.77,U.S.A.,3.5,Tome Acu,Brazil,Unknown
Harper Macaw,2015,0.74,U.S.A.,3.5,Vale do Juliana,Brazil,Unknown
Heirloom Cacao Preservation (Guittard),2014,0.67,U.S.A.,3.5,Alto Beni,Bolivia,Amazon
Heirloom Cacao Preservation (Guittard),2014,0.67,U.S.A.,3.0,Wild Beniano,Bolivia,Beniano
Heirloom Cacao Preservation (Guittard),2014,0.67,U.S.A.,3.75,Los Rios,Ecuador,EET
Heirloom Cacao Preservation (Guittard),2014,0.67,U.S.A.,3.75,Maunawili,Hawaii,Unknown
hexx,2015,0.7,U.S.A.,2.75,Tanzania,Tanzania,Unknown
hexx,2015,0.74,U.S.A.,3.0,Madagascar,Madagascar,Trinitario
hexx,2015,0.7,U.S.A.,3.0,Venezuela,Venezuela,Unknown
hexx,2015,0.73,U.S.A.,3.25,Ecuador,Ecuador,Unknown
hexx,2015,0.7,U.S.A.,3.25,Peru,Peru,Unknown
Hogarth,2016,0.7,New Zealand,2.75,Akesson,Madagascar,Trinitario
Hogarth,2016,0.72,New Zealand,2.75,Carenero,Venezuela,Trinitario
Hogarth,2016,0.75,New Zealand,3.25,Conacado,Dominican Republic,Trinitario
Hogarth,2016,0.66,New Zealand,3.5,Gran Blanco,Peru,Criollo
Hoja Verde (Tulicorp),2009,0.8,Ecuador,2.0,Arriba,Ecuador,Forastero
Hoja Verde (Tulicorp),2009,0.8,Ecuador,2.5,Manabi,Ecuador,Forastero
Hoja Verde (Tulicorp),2009,0.72,Ecuador,3.0,Arriba,Ecuador,Forastero
Hoja Verde (Tulicorp),2009,0.58,Ecuador,3.25,Arriba,Ecuador,Forastero
Hoja Verde (Tulicorp),2009,0.58,Ecuador,3.5,Manabi,Ecuador,Forastero
Holy Cacao,2016,0.7,Israel,2.75,Maranon,Peru,Unknown
Holy Cacao,2015,0.7,Israel,3.5,Camino Verde,Ecuador,Unknown
Holy Cacao,2015,0.7,Israel,3.5,Sambirano,Madagascar,Trinitario
Holy Cacao,2015,0.7,Israel,3.5,Gran Couva,Trinidad,Trinitario
Holy Cacao,2015,0.7,Israel,3.5,Mara,Venezuela,Unknown
Holy Cacao,2009,0.7,Israel,2.5,Ivory Coast,Ivory Coast,Unknown
Holy Cacao,2009,0.7,Israel,2.75,Hispaniola,Dominican Republic,Unknown
Holy Cacao,2009,0.7,Israel,3.5,San Martin,Peru,Unknown
Holy Cacao,2009,0.75,Israel,3.75,Hispaniola,Dominican Republic,Unknown
Hotel Chocolat,2015,0.7,U.K.,2.75,Pepiniere,St. Lucia,Unknown
Hotel Chocolat,2013,0.7,U.K.,4.0,Marcial,St. Lucia,Trinitario
Hotel Chocolat,2013,1.0,U.K.,1.75,Island Growers,St. Lucia,Trinitario
Hotel Chocolat (Coppeneur),2013,0.75,U.K.,3.0,Trinidad,Trinidad,Trinitario
Hotel Chocolat (Coppeneur),2013,0.8,U.K.,3.5,Mekong Delta,Vietnam,Trinitario
Hotel Chocolat (Coppeneur),2013,0.9,U.K.,3.0,Los Rios,Ecuador,Forastero
Hotel Chocolat (Coppeneur),2013,0.72,U.K.,3.0,Somia,Madagascar,Trinitario
Hotel Chocolat (Coppeneur),2013,0.82,U.K.,3.5,Los Rios,Ecuador,Forastero
Hotel Chocolat (Coppeneur),2013,1.0,U.K.,2.75,Chanchamayo,Peru,Unknown
Hotel Chocolat (Coppeneur),2013,1.0,U.K.,2.5,Los Rios,Ecuador,Forastero
Hotel Chocolat (Coppeneur),2013,1.0,U.K.,2.75,Conacado,Dominican Republic,Unknown
Hotel Chocolat (Coppeneur),2012,0.66,U.K.,3.5,Sambirano,Madagascar,Trinitario
Hotel Chocolat (Coppeneur),2011,0.8,U.K.,3.0,Los Rios,Ecuador,Forastero
Hotel Chocolat (Coppeneur),2011,0.65,U.K.,3.0,Island Growers,St. Lucia,Trinitario
Hotel Chocolat (Coppeneur),2011,0.65,U.K.,3.25,Island Growers,St. Lucia,Trinitario
Hotel Chocolat (Coppeneur),2010,0.7,U.K.,2.75,Ecuador,Ecuador,Unknown
Hotel Chocolat (Coppeneur),2010,0.7,U.K.,3.0,Santo Domingo,Dominican Republic,Unknown
Hotel Chocolat (Coppeneur),2010,0.7,U.K.,2.75,Chuao,Venezuela,Trinitario
Hotel Chocolat (Coppeneur),2008,0.72,U.K.,3.0,St. Lucia,St. Lucia,Unknown
Hotel Chocolat (Coppeneur),2008,0.8,U.K.,2.5,Uganda,Uganda,Forastero
Hotel Chocolat (Coppeneur),2008,0.75,U.K.,2.75,Tanzania,Tanzania,Unknown
Hotel Chocolat (Coppeneur),2008,0.72,U.K.,3.0,Uba Budo,Sao Tome,Forastero
Hummingbird,2015,0.7,Canada,3.5,Lam Dong,Vietnam,Trinitario
Hummingbird,2014,0.7,Canada,3.0,Bolivia,Bolivia,Criollo
Hummingbird,2014,0.7,Canada,3.0,Bolivia,Bolivia,Criollo
Hummingbird,2014,0.7,Canada,3.0,Momotombo,Nicaragua,Trinitario
Hummingbird,2014,0.7,Canada,3.75,Hispaniola,Dominican Republic,Trinitario
Hummingbird,2014,0.7,Canada,3.5,Zorzal Reserva,Dominican Republic,Unknown
Hummingbird,2013,0.7,Canada,3.25,Ocumare,Venezuela,Trinitario
Hummingbird,2013,0.7,Canada,3.75,Amazonas,Venezuela,Forastero
Idilio (Felchlin),2013,0.72,Switzerland,3.75,Chuao,Venezuela,Trinitario
Idilio (Felchlin),2011,0.72,Switzerland,3.75,Coopertiva Amazona,Venezuela,Criollo
Idilio (Felchlin),2011,0.72,Switzerland,3.75,Sur del Lago,Venezuela,Unknown
Idilio (Felchlin),2011,0.72,Switzerland,3.25,Choroni,Venezuela,Criollo
Idilio (Felchlin),2011,0.72,Switzerland,3.75,Ocumare,Venezuela,Criollo
Idilio (Felchlin),2011,0.74,Switzerland,4.0,Porcelana,Venezuela,Criollo
Idilio (Felchlin),2011,0.72,Switzerland,3.5,Ocumare,Venezuela,Criollo
Idilio (Felchlin),2011,0.7,Switzerland,4.0,Carenero,Venezuela,Trinitario
Idilio (Felchlin),2011,0.72,Switzerland,4.0,Coopertiva Amazona,Venezuela,Criollo
Idilio (Felchlin),2011,0.72,Switzerland,4.0,Sur del Lago,Venezuela,Unknown
Isidro,2014,0.72,U.S.A.,3.5,Madagascar,Madagascar,Trinitario
Isidro,2014,0.72,U.S.A.,2.25,Peru,Peru,Unknown
Isidro,2014,0.72,U.S.A.,3.25,Belize,Belize,Trinitario
Isidro,2014,0.72,U.S.A.,3.25,Dominican Republic,Dominican Republic,Unknown
Just Good Chocolate,2014,0.7,U.S.A.,3.5,Belize,Belize,Trinitario
Just Good Chocolate,2014,0.7,U.S.A.,3.5,Madagascar,Madagascar,Trinitario
Just Good Chocolate,2014,0.7,U.S.A.,4.0,Peru,Peru,Unknown
Kah Kow,2013,0.7,Domincan Republic,3.5,Rizek Cacao,Dominican Republic,Unknown
Kah Kow,2013,0.82,Domincan Republic,3.0,Rizek Cacao,Dominican Republic,Unknown
Kah Kow,2013,0.55,Domincan Republic,3.25,Rizek Cacao,Dominican Republic,Unknown
Kah Kow,2013,0.62,Domincan Republic,3.25,Rizek Cacao,Dominican Republic,Unknown
Kallari (Ecuatoriana),2008,0.7,Ecuador,3.0,Sisa,Ecuador,Unknown
Kallari (Ecuatoriana),2008,0.7,Ecuador,3.5,Sisa,Ecuador,Unknown
Kallari (Ecuatoriana),2008,0.75,Ecuador,2.75,Roberto,Ecuador,Unknown
Kallari (Ecuatoriana),2008,0.85,Ecuador,2.5,Diego,Ecuador,Unknown
Kallari (Ecuatoriana),2008,0.85,Ecuador,2.75,Diego,Ecuador,Unknown
Kallari (Ecuatoriana),2008,0.85,Ecuador,3.0,Diego,Ecuador,Unknown
Kallari (Ecuatoriana),2008,0.75,Ecuador,2.5,Cacao Nacional W.F.,Ecuador,Unknown
Kallari (Ecuatoriana),2008,0.85,Ecuador,3.0,Cacao Nacional W.F.,Ecuador,Unknown
Kto,2014,0.72,U.S.A.,2.5,San Martin,Peru,Unknown
Kto,2014,0.72,U.S.A.,2.75,Ocumare,Venezuela,Unknown
Kto,2014,0.72,U.S.A.,3.0,Belize,Belize,Trinitario
Kto,2014,0.72,U.S.A.,3.25,Sambirano,Madagascar,Trinitario
Kto,2014,0.9,U.S.A.,3.25,Belize,Belize,Trinitario
Kto,2014,0.72,U.S.A.,3.25,Elvesia,Dominican Republic,Unknown
Kto,2014,0.72,U.S.A.,3.25,ROIG,Dominican Republic,Unknown
K'ul,2016,0.7,U.S.A.,3.25,Kafupbo,Haiti,Unknown
K'ul,2016,0.7,U.S.A.,2.75,Maranon,Peru,Forastero
K'ul,2016,0.7,U.S.A.,3.75,Los Rios,Ecuador,Unknown
K'ul,2016,0.7,U.S.A.,3.75,Bahia,Brazil,Forastero
Kyya,2014,0.725,U.S.A.,2.5,Uganda,Uganda,Forastero
Kyya,2014,0.725,U.S.A.,3.0,Hispaniola,Dominican Republic,Unknown
Kyya,2014,0.725,U.S.A.,2.5,Ecuador,Ecuador,Unknown
Kyya,2014,0.725,U.S.A.,3.0,Madagascar,Madagascar,Trinitario
L.A. Burdick (Felchlin),2012,0.74,U.S.A.,3.25,Peru,Peru,Unknown
L.A. Burdick (Felchlin),2012,0.7,U.S.A.,4.0,Brazil,Brazil,Unknown
L.A. Burdick (Felchlin),2012,0.68,U.S.A.,3.75,Chuao,Venezuela,Trinitario
L.A. Burdick (Felchlin),2011,0.74,U.S.A.,3.75,Quito,Ecuador,Unknown
L.A. Burdick (Felchlin),2010,0.75,U.S.A.,3.25,Grenada,Grenada,Trinitario
L.A. Burdick (Felchlin),2010,0.74,U.S.A.,3.75,Dominican Republic,Dominican Republic,Unknown
L.A. Burdick (Felchlin),2010,0.71,U.S.A.,3.0,Venezuela,Venezuela,Unknown
L.A. Burdick (Felchlin),2009,0.64,U.S.A.,3.5,Madagascar,Madagascar,Trinitario
L.A. Burdick (Felchlin),2009,0.68,U.S.A.,3.0,Bolivia,Bolivia,Unknown
La Chocolaterie Nanairo,2016,0.7,Japan,2.25,Lumas,Peru,Trinitario
La Chocolaterie Nanairo,2016,0.7,Japan,2.5,Lumas,Peru,Trinitario
La Chocolaterie Nanairo,2016,0.7,Japan,3.0,Tumbes,Peru,Criollo
La Chocolaterie Nanairo,2016,0.7,Japan,3.0,Belize,Belize,Trinitario
La Maison du Chocolat (Valrhona),2013,0.74,France,2.75,Cuana,Africa,Unknown
La Maison du Chocolat (Valrhona),2013,0.6,France,3.25,Tobago,Tobago,Unknown
La Maison du Chocolat (Valrhona),2013,0.56,France,3.25,Acarigua,Ecuador,Unknown
La Maison du Chocolat (Valrhona),2012,0.66,France,3.5,Loma Sotavento,Dominican Republic,Unknown
La Maison du Chocolat (Valrhona),2011,0.68,France,3.5,Grenada,Grenada,Trinitario
La Maison du Chocolat (Valrhona),2009,0.68,France,3.25,Akosombo,Ghana,Forastero
La Maison du Chocolat (Valrhona),2009,0.69,France,3.5,Porcelana,Venezuela,Criollo
La Maison du Chocolat (Valrhona),2009,0.6,France,3.0,Kuruba,Unknown,Unknown
La Maison du Chocolat (Valrhona),2009,0.6,France,3.75,Orinoco,Unknown,Unknown
La Maison du Chocolat (Valrhona),2008,0.74,France,3.5,Cuana,Venezuela,Blend
Laia aka Chat-Noir,2015,0.75,France,2.75,Madagascar,Madagascar,Trinitario
Laia aka Chat-Noir,2015,0.75,France,2.75,Vietnam,Vietnam,Trinitario
Laia aka Chat-Noir,2015,0.75,France,3.0,Cuba,Cuba,Unknown
Laia aka Chat-Noir,2015,0.75,France,3.25,Peru,Peru,Unknown
Laia aka Chat-Noir,2015,0.75,France,3.0,Ivory Coast,Ivory Coast,Unknown
Laia aka Chat-Noir,2015,0.75,France,3.5,Sao Tome,Sao Tome,Forastero
Laia aka Chat-Noir,2015,0.75,France,3.25,Bahia,Brazil,Unknown
Laia aka Chat-Noir,2015,0.75,France,3.75,Lam Dong,Vietnam,Trinitario
Laia aka Chat-Noir,2014,0.7,France,2.75,Cuba,Cuba,Unknown
Laia aka Chat-Noir,2014,0.68,France,2.75,Trinidad,Trinidad,Unknown
L'Amourette,2016,0.8,U.S.A.,3.5,Rugoso,Nicaragua,Trinitario
L'Amourette,2012,0.75,U.S.A.,3.0,Carenero,Venezuela,Trinitario
L'Amourette,2012,0.75,U.S.A.,3.0,Rio,Venezuela,Trinitario
L'Amourette,2012,0.72,U.S.A.,3.0,Blend,Peru,Criollo
Letterpress,2017,0.7,U.S.A.,3.5,La Masica,Honduras,Unknown
Letterpress,2017,0.7,U.S.A.,3.25,Maya,Belize,Unknown
Letterpress,2016,0.7,U.S.A.,3.25,Liberia,Liberia,Unknown
Letterpress,2015,0.7,U.S.A.,3.25,Beniamo,Bolivia,Unknown
Letterpress,2015,0.7,U.S.A.,3.5,San Juan,Trinidad,Trinitario
Letterpress,2015,0.7,U.S.A.,3.0,San Andres,Costa Rica,Unknown
Letterpress,2015,0.7,U.S.A.,3.25,La Red,Dominican Republic,Unknown
Letterpress,2015,0.7,U.S.A.,3.5,Kokoa Kamili,Tanzania,Unknown
Letterpress,2014,0.7,U.S.A.,3.5,Maranura,Peru,Forastero
Lillie Belle,2012,0.65,U.S.A.,3.5,Perfect Illusion,Peru,Criollo
Lillie Belle,2012,0.68,U.S.A.,3.5,Bolivia,Bolivia,Criollo
Lillie Belle,2012,0.68,U.S.A.,3.75,La Selva,Peru,Unknown
Lillie Belle,2012,0.75,U.S.A.,2.75,Purple Haze,Venezuela,Unknown
Lillie Belle,2012,0.74,U.S.A.,3.0,The Other One,Dominican Republic,Unknown
Lillie Belle,2012,0.68,U.S.A.,3.5,Wild Thing,Bolivia,Criollo
Lonohana,2014,0.7,U.S.A.,3.75,Haleiwa,Hawaii,Unknown
Lonohana,2014,0.65,U.S.A.,3.25,Haleiwa,Hawaii,Unknown
Lonohana,2014,0.75,U.S.A.,3.75,Haleiwa,Hawaii,Unknown
Lonohana,2013,0.71,U.S.A.,3.0,Opaeula Estate,Hawaii,Unknown
Lonohana,2013,0.72,U.S.A.,3.0,Opaeula Estate,Hawaii,Unknown
Lonohana,2013,0.7,U.S.A.,3.5,Hawaii,Hawaii,Unknown
Luker,2010,0.46,Colombia,2.75,Selva,Colombia,Unknown
Luker,2010,0.6,Colombia,3.0,Macondo,Colombia,Unknown
Luker,2010,0.58,Colombia,3.0,Misterio,Colombia,Unknown
Luker,2010,0.65,Colombia,3.5,Santander,Colombia,Unknown
Madecasse (Cinagra),2008,0.67,Madagascar,3.5,Madagascar,Madagascar,Trinitario
Madecasse (Cinagra),2008,0.7,Madagascar,3.75,Madagascar,Madagascar,Trinitario
Madecasse (Cinagra),2008,0.63,Madagascar,4.0,Madagascar,Madagascar,Trinitario
Madecasse (Cinagra),2008,0.75,Madagascar,3.5,Madagascar,Madagascar,Trinitario
Madre,2017,0.73,U.S.A.,3.5,Guadalcanal,Solomon Islands,Unknown
Madre,2013,0.7,U.S.A.,2.75,Puerto Rico,Puerto Rico,Unknown
Madre,2013,0.7,U.S.A.,3.5,Brazil,Brazil,Unknown
Madre,2013,0.7,U.S.A.,2.75,Choobua,Hawaii,Unknown
Madre,2013,0.7,U.S.A.,2.75,Xoconusco,Mexico,Unknown
Madre,2012,0.7,U.S.A.,3.25,Hamakua,Hawaii,Unknown
Madre,2012,0.7,U.S.A.,3.25,Criollo,Hawaii,Criollo
Madre,2012,0.7,U.S.A.,3.5,Kauai,Hawaii,Unknown
Madre,2011,0.7,U.S.A.,2.5,Dominican Republic,Dominican Republic,Unknown
Madre,2011,0.7,U.S.A.,2.75,Upala,Costa Rica,Unknown
Madre,2010,0.72,U.S.A.,2.75,Chiapas,Mexico,Unknown
Maglio,2008,0.75,Italy,2.0,Africa,Tanzania,Unknown
Maglio,2008,0.7,Italy,3.0,Ecuador,Ecuador,Forastero
Maglio,2008,0.7,Italy,3.25,Cuba,Cuba,Criollo
Maglio,2008,0.7,Italy,3.75,Santo Domingo,Dominican Republic,Blend
Mana,2015,0.74,U.S.A.,2.5,Ecuador,Ecuador,Unknown
Mana,2014,0.74,U.S.A.,2.5,Peru,Peru,Unknown
Mana,2014,0.74,U.S.A.,2.75,Venezuela,Venezuela,Unknown
Mana,2012,0.74,U.S.A.,3.75,Conacado,Dominican Republic,Unknown
Manoa,2015,0.72,U.S.A.,3.5,Markham Valley,Papua New Guinea,Unknown
Manoa,2015,0.72,U.S.A.,3.75,Cota Brus,Costa Rica,Unknown
Manoa,2013,0.72,U.S.A.,3.75,Waiahole,Hawaii,Unknown
Manoa,2012,0.72,U.S.A.,3.25,Liberia,Liberia,Unknown
Manoa,2012,0.72,U.S.A.,2.75,Hamakua,Hawaii,Unknown
Manoa,2012,0.72,U.S.A.,3.0,Piura,Peru,Unknown
Manoa,2012,0.72,U.S.A.,3.25,Oahu,Hawaii,Unknown
Manufaktura Czekolady,2016,0.7,Poland,3.75,Johe,Nicaragua,Unknown
Manufaktura Czekolady,2016,0.7,Poland,3.5,Peru,Peru,Unknown
Manufaktura Czekolady,2014,0.7,Poland,3.75,Porcelana,Venezuela,Criollo
Manufaktura Czekolady,2014,0.85,Poland,3.5,Kolumbia,Colombia,Unknown
Manufaktura Czekolady,2012,0.7,Poland,3.25,Grand Cru,Dominican Republic,Unknown
Manufaktura Czekolady,2012,0.7,Poland,3.5,Grand Cru,Ghana,Forastero
Manufaktura Czekolady,2012,0.7,Poland,3.25,Grand Cru,Ecuador,Unknown
Map Chocolate,2016,0.75,U.S.A.,3.25,Ben Tre,Vietnam,Trinitario
Map Chocolate,2015,0.7,U.S.A.,3.5,ROIG,Dominican Republic,Criollo
Map Chocolate,2015,0.62,U.S.A.,3.5,Maranon,Peru,Forastero
Map Chocolate,2015,0.7,U.S.A.,3.5,Ecuador,Ecuador,Trinitario
Map Chocolate,2015,0.7,U.S.A.,2.75,San Juan,Trinidad,Trinitario
Map Chocolate,2015,0.7,U.S.A.,3.5,A case of the Xerces Blues,Nicaragua,Unknown
Map Chocolate,2015,0.68,U.S.A.,3.5,Tumbes,Peru,Criollo
Map Chocolate,2015,0.75,U.S.A.,2.75,Colombia,Colombia,Unknown
Map Chocolate,2015,0.72,U.S.A.,3.0,Kakoa Kamili,Tanzania,Unknown
Map Chocolate,2015,0.78,U.S.A.,3.5,Le Chocolat Chaud,Honduras,Unknown
Marana,2016,0.7,Peru,3.0,Piura,Peru,Unknown
Marana,2016,0.7,Peru,2.75,Cusco,Peru,Unknown
Marana,2016,0.7,Peru,3.0,San Martin,Peru,Unknown
Marou,2015,0.85,Vietnam,3.25,Tan Phu Dong,Vietnam,Trinitario
Marou,2015,0.68,Vietnam,3.5,Ben Tre,Vietnam,Trinitario
Marou,2015,0.7,Vietnam,3.75,Dak Lak,Vietnam,Trinitario
Marou,2013,0.75,Vietnam,3.5,Tan Phu Dong,Vietnam,Trinitario
Marou,2012,0.76,Vietnam,3.5,Ba Ria,Vietnam,Trinitario
Marou,2012,0.72,Vietnam,3.5,Dong Nai,Vietnam,Trinitario
Marou,2012,0.7,Vietnam,3.5,Tien Giang,Vietnam,Trinitario
Marou,2012,0.78,Vietnam,3.5,Ben Tre,Vietnam,Trinitario
Marou,2012,0.8,Vietnam,3.0,Tien Giang,Vietnam,Trinitario
Marou,2012,0.74,Vietnam,3.5,Lam Dong,Vietnam,Trinitario
Mars,2010,0.65,U.S.A.,3.0,Matina 1-6,Costa Rica,Unknown
Mars,2010,0.65,U.S.A.,3.0,Ivory Coast,Ivory Coast,Unknown
Mars,2010,0.65,U.S.A.,3.25,Nigeria,Nigeria,Unknown
Mars,2010,0.65,U.S.A.,3.5,Ghana,Ghana,Forastero
Martin Mayer,2016,0.76,Austria,2.75,Alto Beni,Bolivia,Unknown
Martin Mayer,2016,0.82,Austria,3.0,Pisa,Haiti,Unknown
Martin Mayer,2016,0.74,Austria,3.25,Tumaco,Colombia,Unknown
Mast Brothers,2015,0.76,U.S.A.,3.0,Guatemala,Guatemala,Unknown
Mast Brothers,2015,0.74,U.S.A.,3.25,Tanzania,Tanzania,Unknown
Mast Brothers,2014,0.75,U.S.A.,3.75,French Laundry 20th Anniversary,Peru,Blend
Mast Brothers,2012,0.73,U.S.A.,3.5,Shake Shack,Peru,Blend
Mast Brothers,2012,0.73,U.S.A.,2.75,Chuao,Venezuela,Trinitario
Mast Brothers,2011,0.72,U.S.A.,3.5,Brooklyn Blend,Unknown,Unknown
Mast Brothers,2011,0.76,U.S.A.,3.0,Chuao,Venezuela,Trinitario
Mast Brothers,2011,0.7,U.S.A.,3.0,Chuao,Venezuela,Trinitario
Mast Brothers,2011,0.81,U.S.A.,2.75,Chuao,Venezuela,Trinitario
Mast Brothers,2011,0.7,U.S.A.,3.5,Moho,Belize,Trinitario
Mast Brothers,2011,0.71,U.S.A.,2.75,Papua New Guinea,Papua New Guinea,Unknown
Mast Brothers,2011,0.75,U.S.A.,3.0,San Martin,Peru,Unknown
Mast Brothers,2011,0.73,U.S.A.,3.25,Conacado,Dominican Republic,Unknown
Mast Brothers,2011,0.74,U.S.A.,3.75,La Red,Dominican Republic,Unknown
Mast Brothers,2010,0.81,U.S.A.,2.75,Patanemo,Venezuela,Criollo
Mast Brothers,2010,0.75,U.S.A.,3.0,Ocumare,Venezuela,Unknown
Mast Brothers,2010,0.7,U.S.A.,3.25,Dominican Republic,Dominican Republic,Unknown
Matale,2013,0.72,Australia,3.5,Malekula,Vanuatu,Trinitario
Matale,2013,0.68,Australia,4.0,Somia,Madagascar,Trinitario
Matale,2013,0.74,Australia,4.0,Kulili,Papua New Guinea,Trinitario
Matale,2013,0.7,Australia,3.75,Blend,Papua New Guinea,Trinitario
Maverick,2014,0.7,U.S.A.,3.25,Maya,Belize,Trinitario
Maverick,2014,0.7,U.S.A.,3.25,Elvesia,Dominican Republic,Unknown
Maverick,2014,0.82,U.S.A.,3.25,Tumbes,Peru,Criollo
Maverick,2014,0.63,U.S.A.,3.5,Morropon,Peru,Criollo
Meadowlands,2014,0.7,U.S.A.,2.5,Bolivia,Bolivia,Unknown
Meadowlands,2014,0.7,U.S.A.,2.75,Venezuela,Venezuela,Unknown
Meadowlands,2014,0.7,U.S.A.,3.0,Belize,Belize,Trinitario
Meadowlands,2014,0.7,U.S.A.,3.0,Nicaragua,Nicaragua,Unknown
Meadowlands,2014,0.7,U.S.A.,3.5,Dominican Republic,Dominican Republic,Unknown
Mesocacao,2015,0.8,Honduras,2.75,El Salvador,El Salvador,Unknown
Mesocacao,2015,0.7,Honduras,3.0,El Salvador,El Salvador,Unknown
Mesocacao,2014,0.8,Honduras,3.25,Honduras,Honduras,Unknown
Mesocacao,2014,0.7,Honduras,3.5,Honduras,Honduras,Unknown
Mesocacao,2014,0.7,Honduras,3.25,La Tronca,Nicaragua,Unknown
Mesocacao,2014,0.8,Honduras,3.5,La Tronca,Nicaragua,Unknown
Michel Cluizel,2012,0.66,France,3.75,Chiapas,Mexico,Unknown
Michel Cluizel,2007,0.66,France,3.5,Carenero,Venezuela,Trinitario
Michel Cluizel,2007,0.67,France,3.5,Vila Gracinda,Sao Tome,Forastero
Michel Cluizel,2006,0.6,France,2.0,Carre Amer,Unknown,Unknown
Michel Cluizel,2006,0.85,France,2.0,Carre Grand Noir,Unknown,Unknown
Michel Cluizel,2006,0.7,France,3.0,Tamarina,Sao Tome,Forastero
Michel Cluizel,2006,0.67,France,4.0,Los Ancones P.,Dominican Republic,Unknown
Michel Cluizel,2006,0.65,France,4.0,Mangaro P.,Madagascar,Trinitario
Michel Cluizel,2006,0.64,France,4.0,Maralumi P.,Papua New Guinea,Unknown
Michel Cluizel,2006,0.99,France,2.0,Noir,Unknown,Unknown
Middlebury,2015,0.8,U.S.A.,3.5,Maya,Belize,Trinitario
Middlebury,2015,0.7,U.S.A.,3.5,San Juan,Trinidad,Trinitario
Middlebury,2015,0.75,U.S.A.,3.75,Oko Caribe,Dominican Republic,Unknown
Middlebury,2015,0.75,U.S.A.,3.75,Patanemo,Venezuela,Unknown
Middlebury,2015,0.75,U.S.A.,3.25,Kokoa Kamili,Tanzania,Unknown
Middlebury,2015,0.7,U.S.A.,3.5,Matagalpa,Nicaragua,Unknown
Middlebury,2013,0.75,U.S.A.,2.5,La Red,Dominican Republic,Unknown
Middlebury,2013,0.8,U.S.A.,3.25,Belize,Belize,Trinitario
Middlebury,2012,0.65,U.S.A.,1.5,House Blend,Unknown,Unknown
Middlebury,2012,0.75,U.S.A.,2.0,Alto Beni,Bolivia,Criollo
Middlebury,2012,0.7,U.S.A.,2.5,Balinese,Indonesia,Criollo
Moho,2013,0.73,U.S.A.,3.25,Toledo District,Belize,Trinitario
Moho,2013,0.72,U.S.A.,3.0,Toledo District,Belize,Trinitario
Moho,2010,0.67,U.S.A.,2.75,Umoho R.,Belize,Trinitario
Molucca,2015,0.7,U.S.A.,3.0,La Red,Dominican Republic,Unknown
Molucca,2015,0.7,U.S.A.,2.75,Indonesia,Indonesia,Unknown
Molucca,2015,0.7,U.S.A.,3.25,Peru,Peru,Unknown
Momotombo,2011,0.7,Nicaragua,2.75,Matagalpa,Nicaragua,Unknown
Momotombo,2011,0.7,Nicaragua,2.75,Mombacho,Nicaragua,Unknown
Momotombo,2011,0.7,Nicaragua,3.25,Oscuro,Nicaragua,Unknown
Montecristi,2015,0.7,Ecuador,3.25,Manabi,Ecuador,Unknown
Montecristi,2015,0.63,Ecuador,3.5,Manabi,Ecuador,Unknown
Montecristi,2015,0.85,Ecuador,3.5,Manabi,Ecuador,Unknown
Mutari,2016,0.68,U.S.A.,2.75,Kokoa Kamili,Tanzania,Unknown
Mutari,2016,0.71,U.S.A.,2.75,Oko Caribe,Dominican Republic,Unknown
Mutari,2016,0.68,U.S.A.,2.75,Ambanja,Madagascar,Unknown
Mutari,2016,0.8,U.S.A.,3.0,Tien Giang,Vietnam,Trinitario
Naive,2013,0.7,Lithuania,3.75,Trinidad,Trinidad,Unknown
Naive,2013,0.78,Lithuania,3.75,Maranon,Peru,Forastero
Naive,2012,0.71,Lithuania,2.5,Grenada,Grenada,Trinitario
Na�ve,2014,0.7,Lithuania,3.25,Nicaragua,Nicaragua,Criollo
Na�ve,2014,0.75,Lithuania,2.75,Chuao,Venezuela,Trinitario
Na�ve,2014,0.7,Lithuania,3.0,Barinas,Venezuela,Unknown
Nathan Miller,2014,0.72,U.S.A.,2.25,Peru,Peru,Unknown
Nathan Miller,2014,0.7,U.S.A.,2.5,Hispaniola,Dominican Republic,Unknown
Nathan Miller,2014,0.735,U.S.A.,2.5,Madagascar,Madagascar,Trinitario
Nathan Miller,2014,0.7,U.S.A.,3.5,Ghana,Ghana,Forastero
Neuhaus (Callebaut),2010,0.7,Belgium,2.5,Papua New Guinea,Papua New Guinea,Criollo
Neuhaus (Callebaut),2008,0.67,Belgium,3.75,Manickchand Estate,Trinidad,Trinitario
Neuhaus (Callebaut),2007,0.73,Belgium,1.0,Dark,Unknown,Unknown
Neuhaus (Callebaut),2006,0.73,Belgium,2.0,West Africa,West Africa,Forastero
Neuhaus (Callebaut),2006,0.75,Belgium,2.75,Sao Tome,Sao Tome,Forastero
Neuhaus (Callebaut),2006,0.71,Belgium,3.0,Ocumare,Venezuela,Criollo
Nibble,2015,0.72,U.S.A.,2.25,Patanemo,Venezuela,Criollo
Nibble,2015,0.72,U.S.A.,2.75,Elvesia,Dominican Republic,Trinitario
Nibble,2015,0.72,U.S.A.,3.0,Ambanja,Madagascar,Trinitario
Nibble,2015,0.72,U.S.A.,3.0,Tumbes,Peru,Criollo
Noble Bean aka Jerjobo,2014,0.75,U.S.A.,3.0,Ghana,Ghana,Forastero
Noble Bean aka Jerjobo,2014,0.75,U.S.A.,3.0,Moho,Belize,Trinitario
Noble Bean aka Jerjobo,2014,0.75,U.S.A.,3.25,Maranon,Peru,Forastero
Nova Monda,2012,0.7,Nicaragua,3.0,La Patriota,Nicaragua,Unknown
Nova Monda,2012,0.75,Nicaragua,2.75,La Dalia,Nicaragua,Unknown
Nova Monda,2012,0.8,Nicaragua,3.25,Punta Galera,Ecuador,Forastero
Nuance,2015,0.7,U.S.A.,3.75,Ghana,Ghana,Forastero
Nuance,2015,0.7,U.S.A.,2.75,Ecuador,Ecuador,Trinitario
Nuance,2015,0.7,U.S.A.,3.0,Canoabo,Venezuela,Criollo
Nuance,2015,0.7,U.S.A.,3.5,Sambirano,Madagascar,Trinitario
Nuance,2015,0.7,U.S.A.,3.75,La Red,Dominican Republic,Unknown
Ocho,2016,1.0,New Zealand,2.75,Sang Yum Coop,Samoa,Unknown
Ocho,2016,0.7,New Zealand,3.5,Sang Yum Coop,Samoa,Unknown
Ocho,2014,0.66,New Zealand,2.75,Papua New Guinea,Papua New Guinea,Unknown
Ocho,2014,0.7,New Zealand,3.0,Papua New Guinea,Papua New Guinea,Unknown
Ocho,2014,0.88,New Zealand,3.25,Papua New Guinea,Papua New Guinea,Unknown
Ocho,2014,0.74,New Zealand,3.5,Papua New Guinea,Papua New Guinea,Unknown
Olive and Sinclair,2010,0.72,U.S.A.,3.0,Dominican Republic,Dominican Republic,Unknown
Olive and Sinclair,2010,0.72,U.S.A.,3.0,Ghana,Ghana,Forastero
Olive and Sinclair,2009,0.67,U.S.A.,2.75,Dark,Ghana,Unknown
Olive and Sinclair,2009,0.75,U.S.A.,3.0,Dark,Ghana,Unknown
Olivia,2011,0.76,Canada,2.0,Carribean,Carribean,Unknown
Olivia,2011,0.76,Canada,2.75,Carribean,Carribean,Unknown
Olivia,2011,0.85,Canada,2.75,Carribean,Carribean,Unknown
Olivia,2011,0.85,Canada,3.0,Carribean,Carribean,Unknown
Omnom,2016,0.7,Iceland,3.75,Kakao Kamili,Tanzania,Trinitario
Omnom,2014,0.7,Iceland,3.0,Papua New Guinea,Papua New Guinea,Unknown
Omnom,2014,0.66,Iceland,3.5,Madagascar,Madagascar,Trinitario
organicfair,2013,0.74,Canada,2.75,Maya,Belize,Trinitario
organicfair,2013,0.72,Canada,2.75,La Red,Dominican Republic,Unknown
organicfair,2013,0.72,Canada,2.75,Nicaragua,Nicaragua,Trinitario
organicfair,2013,0.72,Canada,3.0,Caribe,Dominican Republic,Unknown
organicfair,2013,0.72,Canada,3.0,Mindo,Ecuador,Trinitario
Original Beans (Felchlin),2014,0.68,Switzerland,2.75,Papua New Guinea,Papua New Guinea,Unknown
Original Beans (Felchlin),2014,0.8,Switzerland,3.25,Grand Cru,Unknown,Blend
Original Beans (Felchlin),2011,0.66,Switzerland,3.75,Alto Beni,Bolivia,Unknown
Original Beans (Felchlin),2009,0.7,Switzerland,3.0,Dominican Republic,Congo,Forastero
Original Beans (Felchlin),2009,0.75,Switzerland,3.0,Piura,Peru,Criollo
Original Beans (Felchlin),2009,0.68,Switzerland,3.25,Alto Beni,Bolivia,Unknown
Pacari,2016,0.7,Ecuador,4.0,Sierra Nevada,Colombia,Unknown
Pacari,2014,0.7,Ecuador,3.25,Garaua,Ecuador,Unknown
Pacari,2014,0.7,Ecuador,3.5,Cumbia,Ecuador,Unknown
Pacari,2014,0.7,Ecuador,3.75,Montubia,Ecuador,Unknown
Pacari,2014,0.7,Ecuador,4.0,Tangara,Ecuador,Unknown
Pacari,2012,0.85,Ecuador,2.75,Ecuador,Ecuador,Unknown
Pacari,2012,0.7,Ecuador,4.0,Piura,Peru,Unknown
Pacari,2011,0.7,Ecuador,3.5,Nube- prototype,Ecuador,Unknown
Pacari,2008,0.6,Ecuador,2.5,Esmeraldas,Ecuador,Forastero
Pacari,2008,0.65,Ecuador,2.75,Manabi,Ecuador,Forastero
Pacari,2008,0.72,Ecuador,3.0,Los Rios,Ecuador,Forastero
Pacari,2008,1.0,Ecuador,2.0,Raw,Ecuador,Forastero
Pacari,2008,0.7,Ecuador,3.5,Raw,Ecuador,Forastero
Palette de Bine,2016,0.7,Canada,2.75,Lachua,Guatemala,Unknown
Palette de Bine,2016,0.72,Canada,3.0,Maya,Belize,Trinitario
Palette de Bine,2015,0.7,Canada,3.25,Silvestre,Bolivia,Unknown
Palette de Bine,2015,0.7,Canada,3.25,San Juan,Trinidad,Trinitario
Palette de Bine,2015,0.72,Canada,3.5,Kokoa Kamili,Tanzania,Unknown
Palette de Bine,2015,0.72,Canada,3.75,Lam Dong,Vietnam,Trinitario
Palette de Bine,2014,0.72,Canada,2.75,Alto Beni,Bolivia,Unknown
Palette de Bine,2014,0.78,Canada,3.75,Sambirano,Madagascar,Trinitario
Palette de Bine,2014,0.75,Canada,2.75,Camino Verde,Ecuador,Unknown
Palette de Bine,2014,0.75,Canada,3.5,Gran Couva,Trinidad,Blend
Palette de Bine,2014,0.7,Canada,3.75,Gran Couva,Trinidad,Trinitario
Parliament,2016,0.7,U.S.A.,3.25,Kilombero,Tanzania,Unknown
Parliament,2015,0.7,U.S.A.,3.5,Lachua,Guatemala,Unknown
Parliament,2014,0.7,U.S.A.,3.0,Alto Beni,Bolivia,Unknown
Parliament,2014,0.7,U.S.A.,3.5,Oko Caribe,Dominican Republic,Unknown
Patric,2011,0.7,U.S.A.,3.75,Signature Blend,Unknown,Blend
Patric,2009,0.75,U.S.A.,4.0,Madagascar,Madagascar,Trinitario
Patric,2009,0.67,U.S.A.,3.5,Madagascar,Madagascar,Trinitario
Patric,2009,0.7,U.S.A.,3.5,Rio,Venezuela,Trinitario
Patric,2007,0.7,U.S.A.,4.0,Madagascar,Madagascar,Trinitario
Patric,2013,0.67,U.S.A.,4.0,Piura,Peru,Unknown
Pierre Marcolini,2015,0.7,Belgium,3.25,Haut Penja,Cameroon,Forastero
Pierre Marcolini,2010,0.75,Belgium,3.0,Chuao,Venezuela,Criollo
Pierre Marcolini,2010,0.75,Belgium,3.25,Trinite,Trinidad,Trinitario
Pierre Marcolini,2010,0.78,Belgium,3.75,Baracoa,Cuba,Criollo
Pierre Marcolini,2010,0.85,Belgium,3.0,Peru,Peru,Criollo
Pierre Marcolini,2009,0.72,Belgium,3.0,Bahia,Brazil,Forastero
Pierre Marcolini,2009,0.72,Belgium,3.0,Porcelana,Mexico,Criollo
Pierre Marcolini,2007,0.7,Belgium,4.0,Cabosse,Venezuela,Blend
Pierre Marcolini,2007,0.72,Belgium,3.75,Los Rios,Ecuador,Forastero
Pierre Marcolini,2007,0.72,Belgium,4.0,Sambirano,Madagascar,Trinitario
Pierre Marcolini,2007,0.85,Belgium,3.5,Fleur de Cacao,Venezuela,Blend
Pierre Marcolini,2006,0.72,Belgium,4.0,Porcelana,Mexico,Criollo
Pierre Marcolini,2006,0.72,Belgium,3.0,Kendem Lembu,Indonesia,Criollo
Pierre Marcolini,2006,0.72,Belgium,4.0,Ocumare,Venezuela,Criollo
Pitch Dark,2015,0.62,U.S.A.,2.5,Tenor,Nicaragua,Unknown
Pitch Dark,2015,0.8,U.S.A.,2.75,Johe,Nicaragua,Unknown
Pitch Dark,2015,0.8,U.S.A.,2.75,Chuno,Nicaragua,Criollo
Pitch Dark,2015,0.8,U.S.A.,2.75,Nicaliso,Nicaragua,Trinitario
Pitch Dark,2015,0.8,U.S.A.,3.25,Rugoso,Nicaragua,Unknown
Pitch Dark,2014,0.73,U.S.A.,3.25,Akesson,Madagascar,Trinitario
Pitch Dark,2014,0.73,U.S.A.,2.5,Namau Village,Fiji,Trinitario
Pitch Dark,2014,0.73,U.S.A.,3.25,Camino Verde,Ecuador,Unknown
Pitch Dark,2014,0.73,U.S.A.,3.5,Camino Verde,Ecuador,Unknown
Potomac,2016,0.7,U.S.A.,3.75,Oko Caribe,Dominican Republic,Unknown
Potomac,2014,0.7,U.S.A.,3.75,Cuyagua,Venezuela,Unknown
Potomac,2011,0.7,U.S.A.,3.5,Upala,Costa Rica,Matina
Potomac,2011,0.7,U.S.A.,3.0,Upala,Costa Rica,Matina
Potomac,2011,0.7,U.S.A.,2.75,San Martin,Peru,Unknown
Potomac,2011,0.7,U.S.A.,3.5,Bahia,Brazil,Unknown
Potomac,2010,0.82,U.S.A.,3.75,Upala,Costa Rica,Matina
Pralus,2015,0.75,France,3.25,Peru,Peru,Unknown
Pralus,2011,0.75,France,3.25,Porcelana,Venezuela,Criollo
Pralus,2010,0.75,France,3.5,Chuao,Venezuela,Trinitario
Pralus,2009,0.75,France,2.0,Cuyagua,Venezuela,Unknown
Pralus,2008,0.75,France,3.0,Papouasie,Papua New Guinea,Trinitario
Pralus,2008,1.0,France,3.0,Sambirano,Madagascar,Criollo
Pralus,2008,0.75,France,2.0,Dominican Republic,Dominican Republic,Unknown
Pralus,2008,0.75,France,3.5,Monte Alegre,Brazil,Unknown
Pralus,2007,0.75,France,4.0,Claudio Corallo w/ nibs,Sao Tome,Forastero
Pralus,2006,0.75,France,3.0,Monte Alegre,Brazil,Forastero
Pralus,2006,0.75,France,3.5,Tanzania,Tanzania,Criollo
Pralus,2006,0.75,France,3.5,Sao Tome,Sao Tome,Forastero
Pralus,2006,0.75,France,3.5,Trinidad,Trinidad,Trinitario
Pralus,2006,0.75,France,3.75,Madagascar,Madagascar,Criollo
Pralus,2006,0.75,France,3.5,Java,Indonesia,Criollo
Pralus,2006,0.75,France,3.5,Barlovento,Venezuela,Trinitario
Pralus,2006,0.75,France,4.0,Jamaica,Jamaica,Trinitario
Pralus,2006,0.75,France,3.0,Equateur,Ecuador,Trinitario
Pralus,2006,0.75,France,3.0,Vanuatu,Vanuatu,Trinitario
Pralus,2006,0.75,France,3.25,Ghana,Ghana,Forastero
Pralus,2006,0.75,France,3.5,Colombia,Colombia,Trinitario
Pralus,2006,0.8,France,4.0,Fortissima,Ecuador,Criollo
Pralus,2006,0.75,France,3.0,Cuba,Cuba,Trinitario
Pralus,2006,0.75,France,3.0,Caracas,Venezuela,Trinitario
Pralus,2006,0.75,France,3.5,Djakarta,Indonesia,Criollo
Pump Street Bakery,2016,0.77,U.K.,3.5,Chocoan Rainforest,Ecuador,Unknown
Pump Street Bakery,2015,0.7,U.K.,3.5,Crayfish Bay Estate,Grenada,Trinitario
Pump Street Bakery,2015,0.74,U.K.,3.5,Akesson,Madagascar,Criollo
Pump Street Bakery,2015,0.8,U.K.,2.75,Honduras,Honduras,Unknown
Pump Street Bakery,2014,0.75,U.K.,2.75,Patanemo,Venezuela,Trinitario
Pump Street Bakery,2014,0.75,U.K.,3.0,Guantupi River,Ecuador,Forastero
Pump Street Bakery,2014,0.72,U.K.,3.25,Akesson,Madagascar,Trinitario
Pump Street Bakery,2014,0.85,U.K.,2.75,Guantupi River,Ecuador,Forastero
Q Chocolate,2013,0.75,Brazil,3.25,Brazil,Brazil,Unknown
Q Chocolate,2013,0.85,Brazil,3.5,Brazil,Brazil,Unknown
Q Chocolate,2013,0.55,Brazil,2.75,Brazil,Brazil,Unknown
Q Chocolate,2013,0.8,Brazil,3.25,Brazil,Brazil,Unknown
Q Chocolate,2012,0.6,Brazil,3.0,Brazil,Brazil,Unknown
Q Chocolate,2012,0.65,Brazil,3.25,Brazil,Brazil,Unknown
Raaka,2016,0.7,U.S.A.,3.0,Amazon Basin Blend,Peru,Unknown
Raaka,2015,0.75,U.S.A.,2.75,Virunga,Congo,Forastero
Raaka,2012,0.75,U.S.A.,3.25,Madagascar,Madagascar,Trinitario
Raaka,2011,0.85,U.S.A.,3.5,La Red,Dominican Republic,Unknown
Ranger,2015,0.7,U.S.A.,2.5,San Martin,Peru,Unknown
Ranger,2015,0.8,U.S.A.,3.25,Chulucanas,Peru,Unknown
Ranger,2015,0.73,U.S.A.,3.5,Tumbes,Peru,Criollo
Republica del Cacao (aka Confecta),2010,0.75,Ecuador,3.25,Esmeraldas,Ecuador,Unknown
Republica del Cacao (aka Confecta),2009,0.75,Ecuador,2.5,Los Rios,Ecuador,Forastero
Republica del Cacao (aka Confecta),2007,0.75,Ecuador,3.0,Manabi,Ecuador,Forastero
Republica del Cacao (aka Confecta),2007,0.67,Ecuador,3.5,El Oro,Ecuador,Forastero
Republica del Cacao (aka Confecta),2007,0.75,Ecuador,3.75,Los Rios,Ecuador,Forastero
Ritual,2016,0.75,U.S.A.,3.75,Camino Verde,Ecuador,Unknown
Ritual,2015,0.85,U.S.A.,3.5,Camino Verde,Ecuador,Unknown
Ritual,2015,0.7,U.S.A.,3.5,Mid Mountain,Unknown,Blend
Ritual,2013,0.75,U.S.A.,3.75,Toledo District,Belize,Trinitario
Ritual,2013,0.75,U.S.A.,3.0,Maranon,Peru,Forastero
Ritual,2012,0.75,U.S.A.,4.0,Sambirano,Madagascar,Trinitario
Ritual,2012,0.75,U.S.A.,3.25,Camino Verde,Ecuador,Nacional
Ritual,2012,0.75,U.S.A.,3.5,Gran Couva,Trinidad,Trinitario
Ritual,2011,0.75,U.S.A.,3.5,Costa Rica,Costa Rica,Unknown
Roasting Masters,2016,0.7,South Korea,3.25,La Dorado,Costa Rica,Unknown
Roasting Masters,2016,0.7,South Korea,3.25,Tapanti,Costa Rica,Unknown
Roasting Masters,2016,0.7,South Korea,3.25,Malekula,Costa Rica,Unknown
Rogue,2016,0.75,U.S.A.,3.75,La Masica,Honduras,Unknown
Rogue,2015,0.7,U.S.A.,3.75,Carenero,Venezuela,Unknown
Rogue,2015,0.75,U.S.A.,3.25,Tranquilidad,Bolivia,Unknown
Rogue,2014,0.8,U.S.A.,3.75,Porcelana,Venezuela,Criollo
Rogue,2013,0.7,U.S.A.,3.5,Akesson,Madagascar,Trinitario
Rogue,2013,0.7,U.S.A.,3.5,Hispaniola,Dominican Republic,Unknown
Rogue,2013,0.75,U.S.A.,4.0,Silvestre,Bolivia,Unknown
Rogue,2013,0.75,U.S.A.,3.75,Bachelor's Hall E.,Jamaica,Trinitario
Rogue,2012,0.75,U.S.A.,3.75,Camino Verde,Ecuador,Nacional
Rogue,2011,0.75,U.S.A.,3.0,Silvestre,Bolivia,Criollo
Rogue,2010,0.75,U.S.A.,3.75,Piura,Peru,Unknown
Rogue,2009,0.7,U.S.A.,3.5,Rio,Venezuela,Trinitario
Rogue,2008,0.7,U.S.A.,2.75,Hispaniola,Dominican Republic,Unknown
Rogue,2008,0.7,U.S.A.,2.75,Jamaica,Jamaica,Trinitario
Rogue,2008,0.7,U.S.A.,2.75,Sambirano,Madagascar,Trinitario
Rogue,2008,0.7,U.S.A.,3.0,Trinidad,Trinidad,Trinitario
Rozsavolgyi,2012,0.84,Hungary,2.5,Sur del Lago,Venezuela,Unknown
Rozsavolgyi,2012,0.76,Hungary,2.25,Rio,Venezuela,Trinitario
Rozsavolgyi,2012,0.72,Hungary,2.5,Sambirano,Madagascar,Trinitario
Rozsavolgyi,2011,0.73,Hungary,3.5,Carenero,Venezuela,Criollo
Rozsavolgyi,2011,0.71,Hungary,2.5,Porcelana,Venezuela,Unknown
Rozsavolgyi,2011,0.7,Hungary,3.5,Araguani,Venezuela,Unknown
Rozsavolgyi,2011,0.77,Hungary,2.75,Principe,Principe,Forastero
S.A.I.D.,2010,0.64,Italy,3.5,Malgascio,Madagascar,Trinitario
S.A.I.D.,2010,1.0,Italy,1.5,100 percent,Unknown,Unknown
S.A.I.D.,2010,0.7,Italy,3.0,Samana,Dominican Republic,Unknown
S.A.I.D.,2010,0.72,Italy,3.5,Arawak,Carribean,Unknown
S.A.I.D.,2010,0.72,Italy,3.5,Latino,Unknown,Unknown
Salgado,2008,0.7,Argentina,3.5,Bahia,Brazil,Forastero
Salgado,2008,0.7,Argentina,3.5,Esmeraldas,Ecuador,Forastero
Salgado,2008,0.7,Argentina,3.5,Carenero,Venezuela,Trinitario
Salgado,2008,0.7,Argentina,3.5,Rio,Ecuador,Forastero
Santander (Compania Nacional),2009,0.75,Colombia,2.75,Colombia,Colombia,Forastero
Santander (Compania Nacional),2009,0.7,Colombia,3.0,Colombia,Colombia,Forastero
Santander (Compania Nacional),2006,0.53,Colombia,2.0,Colombia,Colombia,Forastero
Santander (Compania Nacional),2006,0.65,Colombia,3.0,Colombia,Colombia,Forastero
Santander (Compania Nacional),2006,0.7,Colombia,4.0,Colombia,Colombia,Forastero
Scharffen Berger,2012,0.78,U.S.A.,4.0,San Juan,Peru,Unknown
Scharffen Berger,2011,0.68,U.S.A.,3.75,Markham Valley,Papua New Guinea,Unknown
Scharffen Berger,2010,0.68,U.S.A.,3.5,Camahogne,Grenada,Trinitario
Scharffen Berger,2010,0.65,U.S.A.,3.75,Amina,Madagascar,Trinitario
Scharffen Berger,2009,0.68,U.S.A.,3.75,Tome Acu,Brazil,Unknown
Scharffen Berger,2009,0.65,U.S.A.,4.0,Asante,Ghana,Forastero
Scharffen Berger,2009,0.72,U.S.A.,3.75,Ben Tre,Vietnam,Trinitario
Scharffen Berger,2008,0.72,U.S.A.,3.0,Finisterra,Venezuela,Blend
Scharffen Berger,2007,0.72,U.S.A.,3.0,Las Islas,Carribean,Blend
Scharffen Berger,2007,0.62,U.S.A.,3.0,Nibby,Unknown,Unknown
Scharffen Berger,2007,0.75,U.S.A.,3.75,Cuyagua,Venezuela,Unknown
Scharffen Berger,2007,0.75,U.S.A.,3.0,Antilles,Carribean,Blend
Scharffen Berger,2006,0.82,U.S.A.,2.0,Extra Dark,Unknown,Unknown
Scharffen Berger,2006,0.7,U.S.A.,3.5,Bittersweet,Unknown,Blend
Scharffen Berger,2006,0.68,U.S.A.,2.0,Kumasi Sambirano,Ghana,Blend
Scharffen Berger,2006,0.7,U.S.A.,2.0,Jamaica,Jamaica,Trinitario
Scharffen Berger,2006,0.62,U.S.A.,3.0,Semisweet,Unknown,Blend
Shark Mountain,2015,0.72,U.S.A.,3.25,Jamaica,Jamaica,Trinitario
Shark Mountain,2015,0.73,U.S.A.,3.5,Papua New Guinea,Papua New Guinea,Forastero
Shark Mountain,2015,0.77,U.S.A.,2.75,Cuyagua,Venezuela,Criollo
Shark Mountain,2015,0.74,U.S.A.,3.5,ROIG,Dominican Republic,Criollo
Shark Mountain,2014,0.75,U.S.A.,3.0,Ecuador,Ecuador,Trinitario
Shark Mountain,2014,0.72,U.S.A.,3.25,Belize,Belize,Criollo
Silvio Bessone,2011,0.67,Italy,3.0,Maya,Belize,Criollo
Silvio Bessone,2011,0.65,Italy,3.25,Trintade,Sao Tome,Forastero
Silvio Bessone,2011,0.6,Italy,3.25,Bahia,Brazil,Trinitario
Silvio Bessone,2011,0.68,Italy,3.0,Porcelana,Colombia,Criollo
Sirene,2016,0.73,Canada,3.5,Wild Bolivian,Bolivia,Unknown
Sirene,2016,0.73,Canada,3.5,Kokoa Kamili,Tanzania,Unknown
Sirene,2016,0.73,Canada,3.75,Esmeraldas,Ecuador,Unknown
Sirene,2015,1.0,Canada,3.0,Somia,Madagascar,Trinitario
Sirene,2015,1.0,Canada,3.0,Camino Verde,Ecuador,Unknown
Sirene,2015,0.73,Canada,3.0,Lachua,Guatemala,Unknown
Sirene,2015,0.73,Canada,3.25,Lachua,Guatemala,Unknown
Sirene,2015,0.73,Canada,3.25,Pisa,Haiti,Unknown
Sirene,2014,0.67,Canada,3.75,Somia,Madagascar,Trinitario
Sirene,2014,0.73,Canada,3.75,Somia,Madagascar,Trinitario
Sirene,2014,0.73,Canada,3.75,Camino Verde,Ecuador,Unknown
"Smooth Chocolator, The",2017,0.7,Australia,3.5,Oko Caribe,Dominican Republic,Unknown
"Smooth Chocolator, The",2016,0.7,Australia,3.75,Guasare,Venezuela,Criollo
"Smooth Chocolator, The",2016,0.7,Australia,4.0,Porcelana,Ecuador,Criollo
"Smooth Chocolator, The",2016,0.7,Australia,3.75,Maya,Belize,Unknown
"Smooth Chocolator, The",2016,0.7,Australia,3.0,Tien Giang,Vietnam,Trinitario
"Smooth Chocolator, The",2016,0.67,Australia,3.75,Australia,Australia,Unknown
"Smooth Chocolator, The",2016,0.7,Australia,3.25,Chimelb,Guatemala,Unknown
"Smooth Chocolator, The",2015,0.65,Australia,3.25,Akesson,Madagascar,Trinitario
"Smooth Chocolator, The",2015,0.7,Australia,3.5,Akesson,Madagascar,Trinitario
"Smooth Chocolator, The",2015,0.67,Australia,3.75,Kokoa Kamili,Tanzania,Unknown
"Smooth Chocolator, The",2015,0.7,Australia,3.75,San Juan,Trinidad,Trinitario
"Smooth Chocolator, The",2015,0.72,Australia,4.0,Camino Verde,Ecuador,Unknown
"Smooth Chocolator, The",2015,0.72,Australia,2.75,Bolivia,Bolivia,Unknown
"Smooth Chocolator, The",2015,0.65,Australia,3.5,Papua New Guinea,Papua New Guinea,Unknown
"Smooth Chocolator, The",2015,0.67,Australia,3.0,Maranon,Peru,Forastero
"Smooth Chocolator, The",2015,0.7,Australia,3.75,Chuao,Venezuela,Trinitario
Snake & Butterfly,2011,0.67,U.S.A.,1.5,Ghana,Ghana,Forastero
Snake & Butterfly,2010,0.68,U.S.A.,3.0,Madagascar,Madagascar,Trinitario
Snake & Butterfly,2010,0.68,U.S.A.,3.25,Ecuador,Ecuador,Unknown
Solstice,2014,0.7,U.S.A.,3.0,Bundibugyo,Uganda,Forastero
Solstice,2013,0.7,U.S.A.,3.0,Sambirano,Madagascar,Trinitario
Solstice,2013,0.7,U.S.A.,3.0,Amazonas,Venezuela,Unknown
Solstice,2013,0.7,U.S.A.,3.25,Bolivia,Bolivia,Unknown
Solstice,2013,0.7,U.S.A.,3.25,San Martin,Peru,Unknown
Solstice,2013,0.7,U.S.A.,3.5,Wasatch,Unknown,Blend
Soma,2016,0.62,Canada,3.5,Oko Caribe,Dominican Republic,Unknown
Soma,2016,0.7,Canada,3.5,Sambirano,Madagascar,Trinitario
Soma,2016,0.7,Canada,3.5,Bahia,Brazil,Forastero
Soma,2016,0.75,Canada,3.75,Abstract S. w/ Jamaica nibs,Venezuela,Unknown
Soma,2016,0.7,Canada,3.75,Chuno,Nicaragua,Trinitario
Soma,2016,0.7,Canada,4.0,Tien Giang,Vietnam,Trinitario
Soma,2016,0.7,Canada,3.25,Camino Verde,Ecuador,Unknown
Soma,2015,0.7,Canada,3.5,CSB Chama,Venezuela,Criollo
Soma,2015,0.75,Canada,4.0,Porcelana,Venezuela,Unknown
Soma,2014,0.7,Canada,3.5,La Tronca,Nicaragua,Unknown
Soma,2014,0.7,Canada,3.75,Maranon,Peru,Forastero
Soma,2014,0.7,Canada,3.25,La Dalia,Nicaragua,Trinitario
Soma,2014,0.8,Canada,3.5,Camino Verde,Ecuador,Forastero
Soma,2014,0.7,Canada,3.75,Espiritu Santo,Vanuatu,Forastero
Soma,2014,0.7,Canada,3.25,Little Big Man,Madagascar,Blend
Soma,2013,0.77,Canada,3.75,Rizek Cacao,Dominican Republic,Trinitario
Soma,2013,0.7,Canada,3.25,Java,Indonesia,Criollo
Soma,2013,0.7,Canada,2.75,Apurimac,Peru,Criollo
Soma,2013,0.7,Canada,3.75,Sangre Grande P.,Trinidad,Trinitario
Soma,2013,0.7,Canada,3.25,Chef's Blend,Unknown,Unknown
Soma,2013,0.7,Canada,3.75,Patanemo,Venezuela,Criollo
Soma,2013,0.88,Canada,4.0,Crazy 88,Guatemala,Unknown
Soma,2013,0.7,Canada,4.0,Maracaibo,Venezuela,Criollo
Soma,2013,0.67,Canada,4.0,Equator,Peru,Unknown
Soma,2013,0.7,Canada,3.25,Orinoco,Venezuela,Forastero
Soma,2013,0.7,Canada,4.0,Bachelor's Hall E.,Jamaica,Trinitario
Soma,2012,0.7,Canada,3.25,Noula Coop,Haiti,Unknown
Soma,2012,0.7,Canada,3.75,Oahu,Hawaii,Unknown
Soma,2012,0.7,Canada,4.0,Dual Origins,Dominican Republic,Blend
Soma,2012,0.7,Canada,4.0,Dancing in Your Head,Grenada,Blend
Soma,2012,0.7,Canada,3.5,Cahabon,Guatemala,Trinitario
Soma,2012,0.7,Canada,3.75,Carenero,Venezuela,Trinitario
Soma,2012,0.7,Canada,3.5,Eastern Promises,Madagascar,Blend
Soma,2012,0.85,Canada,3.5,Papua New Guinea,Papua New Guinea,Trinitario
Soma,2011,0.7,Canada,2.75,Grenada,Grenada,Trinitario
Soma,2011,0.7,Canada,3.5,Alto Beni,Bolivia,Nacional
Soma,2011,0.64,Canada,4.0,Peru,Peru,Unknown
Soma,2011,0.7,Canada,3.75,Elvesia,Dominican Republic,Forastero
Soma,2011,0.7,Canada,3.5,Chuao,Venezuela,Criollo
Soma,2010,0.7,Canada,3.75,Blend,Dominican Republic,Trinitario
Soma,2009,0.7,Canada,3.0,Hispaniola,Dominican Republic,Forastero
Soma,2009,0.7,Canada,3.5,Africa,Ghana,Forastero
Soma,2009,0.7,Canada,3.0,Conacado,Dominican Republic,Trinitario
Soma,2009,0.7,Canada,3.5,Papua New Guinea,Papua New Guinea,Trinitario
Soma,2009,0.7,Canada,3.75,Madagascar,Madagascar,Criollo
Soma,2009,0.7,Canada,3.75,Ocumare,Venezuela,Criollo
Soul,2017,0.7,Canada,3.25,Dominican Republic,Dominican Republic,Unknown
Soul,2017,0.7,Canada,3.5,Madagascar,Madagascar,Unknown
Soul,2017,0.75,Canada,3.5,Venezuela,Venezuela,Unknown
Soul,2017,0.75,Canada,3.25,Ecuador,Ecuador,Unknown
Soul,2017,0.77,Canada,3.25,Papua New Guinea,Papua New Guinea,Unknown
Soul,2017,0.8,Canada,3.5,Tanzania,Tanzania,Unknown
Spagnvola,2012,0.7,U.S.A.,3.0,AgroCriso Plantation,Dominican Republic,Unknown
Spagnvola,2012,0.8,U.S.A.,3.0,AgroCriso Plantation,Dominican Republic,Unknown
Spagnvola,2012,0.75,U.S.A.,3.25,AgroCriso Plantation,Dominican Republic,Unknown
Spencer,2017,0.7,U.S.A.,3.75,Dominican Republic,Dominican Republic,Unknown
Spencer,2017,0.7,U.S.A.,3.5,Ecuador,Ecuador,Unknown
Spencer,2017,0.7,U.S.A.,2.75,Peru,Peru,Unknown
Spencer,2016,0.7,Australia,3.5,Dominican Republic,Dominican Republic,Unknown
Spencer,2016,0.7,Australia,3.75,Ecuador,Ecuador,Unknown
Spencer,2016,0.7,Australia,3.75,Madagascar,Madagascar,Unknown
Spencer,2014,0.72,Australia,2.75,Malekula,Vanuatu,Trinitario
Starchild,2015,0.7,U.S.A.,3.0,Bolivar,Ecuador,Forastero
Starchild,2015,0.7,U.S.A.,3.0,Hispaniola,Dominican Republic,Unknown
Starchild,2015,0.7,U.S.A.,3.0,Cacao Verapaz,Guatemala,Unknown
Starchild,2015,0.7,U.S.A.,3.0,Rio,Nicaragua,Trinitario
Starchild,2015,0.7,U.S.A.,3.0,Sambirano,Madagascar,Trinitario
StRita Supreme,2012,0.65,U.S.A.,2.5,Samar,Philippines,Unknown
StRita Supreme,2012,0.7,U.S.A.,2.5,Samar,Philippines,Unknown
StRita Supreme,2012,0.75,U.S.A.,2.75,Samar,Philippines,Unknown
Szanto Tibor,2015,0.7,Hungary,3.25,Nacional,Ecuador,Unknown
Szanto Tibor,2015,0.88,Hungary,3.25,Baracoa,Cuba,Trinitario
Szanto Tibor,2015,0.7,Hungary,3.25,Ambolikapiky,Madagascar,Trinitario
Szanto Tibor,2015,0.7,Hungary,3.75,Winak,Ecuador,Forastero
Szanto Tibor,2015,0.7,Hungary,3.25,Ben Tre,Vietnam,Trinitario
Szanto Tibor,2015,0.7,Hungary,3.5,Fazenda,Brazil,Forastero
Szanto Tibor,2014,0.7,Hungary,3.5,Porcelana,Venezuela,Criollo
Szanto Tibor,2014,0.7,Hungary,3.75,Baracoa,Cuba,Trinitario
Szanto Tibor,2013,0.7,Hungary,3.5,Autumn,Madagascar,Criollo
Szanto Tibor,2013,0.7,Hungary,3.5,Spring,Madagascar,Criollo
Szanto Tibor,2013,0.7,Hungary,3.25,Cacao Blanco,Nicaragua,Unknown
Szanto Tibor,2012,0.7,Hungary,3.25,Santo Domingo,Dominican Republic,Unknown
Szanto Tibor,2012,0.7,Hungary,3.25,Millot,Madagascar,Unknown
Szanto Tibor,2012,0.7,Hungary,3.75,Ayacucho,Peru,Unknown
Szanto Tibor,2011,0.7,Hungary,3.0,Crudo,Venezuela,Unknown
Tabal,2013,0.7,U.S.A.,2.75,Costa Rica,Costa Rica,Unknown
Tabal,2013,0.7,U.S.A.,2.75,Dominican Republic,Dominican Republic,Unknown
Tabal,2013,0.7,U.S.A.,2.5,Chiapas,Mexico,Unknown
Tabal,2013,0.7,U.S.A.,3.0,Peru,Peru,Unknown
Tablette (aka Vanillabeans),2015,0.7,Japan,3.0,Colombia,Colombia,Unknown
Tablette (aka Vanillabeans),2015,0.62,Japan,3.25,Papua New Guinea,Papua New Guinea,Unknown
Tablette (aka Vanillabeans),2015,0.6,Japan,3.25,Vietnam,Vietnam,Trinitario
Tablette (aka Vanillabeans),2015,0.77,Japan,2.75,Trinidad,Trinidad,Trinitario
Taza,2014,0.68,U.S.A.,3.0,Belize,Belize,Trinitario
Taza,2011,0.87,U.S.A.,3.25,Alto Beni,Bolivia,Unknown
Taza,2009,0.75,U.S.A.,2.75,Chiapas,Mexico,Unknown
Taza,2007,0.7,U.S.A.,3.0,Dark,Dominican Republic,Unknown
TCHO,2016,0.62,U.S.A.,2.0,West Africa,West Africa,Forastero
TCHO,2012,0.99,U.S.A.,3.25,Peru,Peru,Unknown
TCHO,2009,0.6,U.S.A.,2.75,TCHOPro,Unknown,Unknown
TCHO,2009,0.68,U.S.A.,3.0,TCHOPro,Unknown,Unknown
TCHO,2008,0.7,U.S.A.,2.5,Chocolatey-beta,Ghana,Forastero
TCHO,2008,0.7,U.S.A.,2.5,Fruity-beta,Peru,Unknown
TCHO,2008,0.7,U.S.A.,2.75,Citrus-beta,Madagascar,Unknown
TCHO,2008,0.7,U.S.A.,2.5,Nutty-beta,Peru,Unknown
Tejas,2012,0.7,U.S.A.,2.75,Concepcion,Madagascar,Unknown
Tejas,2012,0.7,U.S.A.,3.0,Bayou Blend,Ecuador,Blend
Tejas,2012,0.7,U.S.A.,3.0,Aranama,Papua New Guinea,Unknown
Tejas,2012,0.7,U.S.A.,3.5,Presidio,Dominican Republic,Unknown
Tejas,2012,0.7,U.S.A.,3.25,La Bahia,Ecuador,Unknown
Tejas,2012,0.7,U.S.A.,2.0,Capistrano,Peru,Unknown
Tejas,2012,0.7,U.S.A.,3.25,La Bahia,Ecuador,Unknown
Tejas,2012,0.7,U.S.A.,2.75,San Jose,Bolivia,Unknown
Tejas,2012,0.7,U.S.A.,3.0,Capistrano,Madagascar,Unknown
Tejas,2012,0.7,U.S.A.,3.25,Espada,Mexico,Unknown
Tejas,2012,0.7,U.S.A.,2.75,Espada,Brazil,Unknown
Tejas,2012,0.8,U.S.A.,3.0,Concepcion,Venezuela,Unknown
Tejas,2012,0.67,U.S.A.,3.25,San Jose,Bolivia,Unknown
Tejas,2012,0.7,U.S.A.,3.5,Bahia,Brazil,Forastero
Terroir,2015,0.7,U.S.A.,2.75,Peru,Peru,Unknown
Terroir,2015,0.7,U.S.A.,3.75,Belize,Belize,Trinitario
Terroir,2015,0.7,U.S.A.,3.75,Madagascar,Madagascar,Trinitario
Terroir,2015,0.7,U.S.A.,3.25,Ecuador,Ecuador,Unknown
Terroir,2015,0.7,U.S.A.,3.5,Oko Caribe,Dominican Republic,Unknown
Terroir,2015,0.7,U.S.A.,3.75,Guatemala,Guatemala,Trinitario
Terroir,2014,0.77,U.S.A.,3.25,Ecuador,Ecuador,Unknown
Terroir,2014,0.67,U.S.A.,3.75,Madagascar,Madagascar,Trinitario
Terroir,2014,0.73,U.S.A.,3.75,Uganda,Uganda,Forastero
Theo,2012,0.65,U.S.A.,3.25,Congo,Congo,Forastero
Theo,2007,0.65,U.S.A.,3.5,Madagascar,Madagascar,Trinitario
Theo,2007,0.75,U.S.A.,2.5,Ivory Coast,Ivory Coast,Unknown
Theo,2007,0.84,U.S.A.,3.0,Ghana,Ghana,Forastero
Theo,2007,0.91,U.S.A.,2.0,Venezuela,Venezuela,Blend
Theo,2007,0.75,U.S.A.,3.0,Ghana,Ghana,Blend
Tocoti,2012,0.77,U.S.A.,3.0,Wild Bolivian,Bolivia,Criollo
Tocoti,2011,0.72,U.S.A.,2.75,Venezuela,Venezuela,Unknown
Tocoti,2011,0.74,U.S.A.,3.0,Dominican Republic,Dominican Republic,Unknown
twenty-four blackbirds,2015,0.75,U.S.A.,2.75,Oko Caribe,Dominican Republic,Unknown
twenty-four blackbirds,2015,0.75,U.S.A.,3.5,Cedeno,Ecuador,Unknown
twenty-four blackbirds,2014,0.75,U.S.A.,3.5,Madagascar,Madagascar,Trinitario
twenty-four blackbirds,2013,0.68,U.S.A.,3.25,Dominican Republic,Dominican Republic,Unknown
twenty-four blackbirds,2013,0.75,U.S.A.,2.5,Palo Blanco,Bolivia,Unknown
twenty-four blackbirds,2011,0.73,U.S.A.,2.75,Dominican Republic,Dominican Republic,Unknown
Valrhona,2015,0.63,France,4.0,Piura,Peru,Unknown
Valrhona,2013,0.7,France,3.5,Andoa,Unknown,Unknown
Valrhona,2013,0.64,France,3.5,Loma Sotavento,Dominican Republic,Unknown
Valrhona,2012,0.69,France,4.0,Otucan,Venezuela,Unknown
Valrhona,2011,0.56,France,3.25,Caraque,Unknown,Unknown
Valrhona,2011,0.64,France,4.0,Porcelana,Venezuela,Criollo
Valrhona,2009,0.64,France,3.75,Tainori,Dominican Republic,Unknown
Valrhona,2009,0.66,France,3.75,Alpaco,Ecuador,Unknown
Valrhona,2009,0.68,France,3.5,Nyangbo,Ghana,Forastero
Valrhona,2007,0.72,France,3.0,Araguani,Venezuela,Blend
Valrhona,2007,0.65,France,3.75,Chuao,Venezuela,Trinitario
Valrhona,2007,0.64,France,4.0,Manjari,Madagascar,Criollo
Valrhona,2007,0.85,France,1.5,Le Noir Amer,Unknown,Unknown
Valrhona,2007,0.85,France,2.5,Abinao,West Africa,Forastero
Valrhona,2007,0.71,France,2.75,Le Noir Amer,West Africa,Forastero
Valrhona,2007,0.64,France,3.25,Porcelana,Venezuela,Criollo
Valrhona,2006,0.66,France,3.0,Caraibe,Carribean,Trinitario
Valrhona,2006,0.7,France,4.0,Guanaja,South America,Criollo
Valrhona,2006,0.64,France,2.5,Gran Couva,Trinidad,Trinitario
Valrhona,2006,0.64,France,3.0,Porcelana,Venezuela,Criollo
Valrhona,2006,0.64,France,3.5,Sambirano,Madagascar,Trinitario
Vao Vao (Chocolaterie Robert),2009,0.72,Madagascar,2.75,Madagascar,Madagascar,Trinitario
Vao Vao (Chocolaterie Robert),2009,0.76,Madagascar,2.75,Madagascar,Madagascar,Trinitario
Vao Vao (Chocolaterie Robert),2009,0.8,Madagascar,2.75,Madagascar,Madagascar,Trinitario
Vao Vao (Chocolaterie Robert),2009,0.7,Madagascar,3.0,Madagascar,Madagascar,Trinitario
Vao Vao (Chocolaterie Robert),2009,0.68,Madagascar,3.0,Madagascar,Madagascar,Trinitario
Vao Vao (Chocolaterie Robert),2009,0.64,Madagascar,3.25,Madagascar,Madagascar,Trinitario
Videri,2014,0.9,U.S.A.,3.25,Dominican Republic,Dominican Republic,Unknown
Videri,2014,0.75,U.S.A.,3.5,Trinidad,Trinidad,Trinitario
Videri,2014,0.75,U.S.A.,3.5,Mindo,Ecuador,Unknown
Videri,2013,0.9,U.S.A.,3.75,Dark,South America,Unknown
Videri,2012,0.7,U.S.A.,3.25,Classic,South America,Unknown
Vintage Plantations (Tulicorp),2007,1.0,U.S.A.,2.0,Los Rios,Ecuador,Forastero
Vintage Plantations (Tulicorp),2007,0.9,U.S.A.,2.0,Los Rios,Ecuador,Forastero
Vintage Plantations (Tulicorp),2007,0.75,U.S.A.,3.0,Los Rios,Ecuador,Forastero
Vintage Plantations (Tulicorp),2007,0.65,U.S.A.,3.0,Los Rios,Ecuador,Forastero
Violet Sky,2015,0.77,U.S.A.,2.75,Sambirano,Madagascar,Trinitario
Violet Sky,2015,0.77,U.S.A.,3.0,Moho,Belize,Criollo
Violet Sky,2015,0.77,U.S.A.,3.0,Cuyagua,Venezuela,Criollo
Violet Sky,2015,0.77,U.S.A.,3.25,Peru,Peru,Criollo
Violet Sky,2015,0.77,U.S.A.,2.75,Cahabon,Guatemala,Trinitario
Vivra,2016,0.7,U.S.A.,2.5,Peru,Peru,Unknown
Vivra,2016,0.7,U.S.A.,2.5,Ocumare,Venezuela,Unknown
Vivra,2016,0.7,U.S.A.,3.0,Dominican Republic,Dominican Republic,Unknown
Wilkie's Organic,2013,0.75,Ireland,2.5,Amazonas,Peru,Criollo
Wilkie's Organic,2013,0.89,Ireland,2.75,Amazonas,Peru,Criollo
Wilkie's Organic,2013,0.75,Ireland,3.25,Tumbes,Peru,Criollo
Wilkie's Organic,2013,0.75,Ireland,2.75,Amazonas,Peru,Criollo
Willie's Cacao,2016,0.7,U.K.,4.0,Los Llanos,Colombia,Unknown
Willie's Cacao,2014,0.88,U.K.,3.0,Los Llanos,Colombia,Trinitario
Willie's Cacao,2013,1.0,U.K.,2.25,Java,Indonesia,Unknown
Willie's Cacao,2010,0.71,U.K.,3.0,Sambirano,Madagascar,Trinitario
Willie's Cacao,2010,0.72,U.K.,3.5,Hacienda Las Trincheras,Venezuela,Unknown
Willie's Cacao,2010,0.69,U.K.,3.75,Java,Indonesia,Unknown
Willie's Cacao,2009,0.7,U.K.,3.0,San Martin,Peru,Unknown
Willie's Cacao,2009,0.72,U.K.,3.25,Rio,Venezuela,Trinitario
Wm,2016,0.74,U.S.A.,3.0,Guasare,Venezuela,Criollo
Wm,2016,0.76,U.S.A.,3.5,Wild Beniano,Bolivia,Unknown
Wm,2016,0.75,U.S.A.,3.75,Ghana,Ghana,Unknown
Woodblock,2014,0.7,U.S.A.,3.0,Maranon,Peru,Forastero
Woodblock,2013,0.7,U.S.A.,3.25,Camino Verde,Ecuador,Unknown
Woodblock,2013,0.7,U.S.A.,3.5,Gran Couva,Trinidad,Trinitario
Woodblock,2012,0.7,U.S.A.,2.5,Ecuador,Ecuador,Unknown
Woodblock,2012,0.7,U.S.A.,3.0,Costa Rica,Costa Rica,Unknown
Woodblock,2012,0.7,U.S.A.,3.25,Sambirano,Madagascar,Trinitario
Woodblock,2011,0.7,U.S.A.,4.0,Ocumare,Venezuela,Unknown
Woodblock,2011,0.7,U.S.A.,3.5,La Red,Dominican Republic,Unknown
Zak's,2015,0.7,U.S.A.,3.0,Papua New Guinea,Papua New Guinea,Unknown
Zak's,2015,0.7,U.S.A.,3.25,Dominican Republic,Dominican Republic,Unknown
Zak's,2015,0.7,U.S.A.,3.25,Madagascar,Madagascar,Trinitario
Zak's,2015,0.7,U.S.A.,3.25,Peru,Peru,Unknown
Zak's,2015,0.7,U.S.A.,3.5,Belize,Belize,Trinitario
Zak's,2015,0.6,U.S.A.,3.0,House Blend,Unknown,Unknown
Zart Pralinen,2016,0.7,Austria,3.5,Millot,Madagascar,Criollo
Zart Pralinen,2016,0.7,Austria,2.75,UNOCACE,Ecuador,Nacional
Zart Pralinen,2016,0.85,Austria,2.75,San Juan,Trinidad,Trinitario
Zart Pralinen,2016,0.85,Austria,3.0,Kakao Kamili,Tanzania,Criollo
Zart Pralinen,2016,0.7,Austria,3.5,Kakao Kamili,Tanzania,Criollo
Zart Pralinen,2016,0.78,Austria,3.5,San Juan,Trinidad,Trinitario
Zokoko,2016,0.78,Australia,3.75,Guadalcanal,Solomon Islands,Unknown
Zokoko,2016,0.65,Australia,3.25,Goddess Blend,Unknown,Unknown
Zokoko,2011,0.68,Australia,3.5,Alto Beni,Bolivia,Unknown
Zokoko,2011,0.66,Australia,3.5,Tokiala,Papua New Guinea,Trinitario
Zokoko,2011,0.72,Australia,3.75,Tranquilidad,Bolivia,Unknown
Zotter,2014,0.8,Austria,2.75,Raw,Unknown,Unknown
Zotter,2012,0.72,Austria,3.5,Bocas del Toro,Panama,Unknown
Zotter,2012,0.65,Austria,3.5,Amazonas,Unknown,Unknown
Zotter,2012,0.7,Austria,3.0,Satipo,Peru,Criollo
Zotter,2012,0.7,Austria,3.5,Satipo,Peru,Criollo
Zotter,2012,0.62,Austria,3.75,Loma Los Pinos,Dominican Republic,Unknown
Zotter,2012,0.75,Austria,3.0,El Oro,Ecuador,Forastero
Zotter,2012,0.75,Austria,3.0,Huiwani Coop,Papua New Guinea,Criollo
Zotter,2012,0.9,Austria,3.25,El Ceibo Coop,Bolivia,Unknown
Zotter,2012,0.7,Austria,3.75,Santo Domingo,Dominican Republic,Unknown
Zotter,2012,0.68,Austria,3.25,Kongo,Congo,Forastero
Zotter,2012,0.58,Austria,3.5,India,Unknown,Unknown
Zotter,2011,0.7,Austria,3.75,Peru,Peru,Unknown
Zotter,2011,0.65,Austria,3.0,Congo,Congo,Forastero
Zotter,2011,0.65,Austria,3.5,Kerala State,India,Forastero
Zotter,2011,0.62,Austria,3.25,Kerala State,India,Unknown
Zotter,2010,0.65,Austria,3.0,Brazil,Brazil,Unknown
